num,energy,x,y,z,x,y,z
312,-1.126825,0.987738,1.2447,1.045707,0.29272,1.175784,1.250942
373,-1.126816,2.172931,0.735092,0.693546,2.851748,0.566663,0.88796
729,-1.12679,1.223503,1.425069,1.088103,0.926261,2.09962,1.09234
96,-1.126748,2.187044,1.456964,1.419285,2.644033,1.081104,1.864506
359,-1.126742,2.020801,1.692778,1.687032,1.383353,1.990299,1.454568
739,-1.126741,2.129586,2.054972,1.952689,2.725981,1.920703,1.573856
348,-1.126731,0.952271,1.400702,1.911002,1.148313,1.879808,2.442003
216,-1.126633,1.554803,1.420694,0.388126,1.394534,1.922714,0.916909
347,-1.126578,2.225363,1.704177,0.212293,1.506211,1.538167,0.338361
316,-1.126499,2.613839,0.703518,1.850854,2.891085,1.126896,2.34781
741,-1.126465,0.156182,0.774317,1.949252,0.145481,0.058267,2.181113
276,-1.126421,0.738906,1.949167,2.51325,0.41329,1.681057,1.945846
516,-1.125861,1.923247,0.610073,0.691153,1.646413,0.230358,1.298243
235,-1.125235,1.998379,0.842543,0.404217,2.490736,0.433516,0.158491
302,-1.124866,0.621882,1.740624,2.183339,1.010063,1.968902,2.694229
733,-1.124842,0.684807,0.866428,2.721247,1.082072,0.471402,2.171327
13,-1.124582,1.562534,1.667419,1.308278,1.691355,1.115517,1.856864
770,-1.124358,0.849334,2.209618,1.95508,1.27649,1.552103,1.844696
463,-1.124119,2.467284,1.472778,1.14667,2.82094,1.565654,0.440808
530,-1.123469,1.207417,2.293226,0.332903,1.578641,1.739191,0.324337
842,-1.122361,2.655425,2.134846,2.693311,2.674458,1.896222,1.914138
237,-1.122242,0.675823,1.864066,1.987054,0.44497,2.59522,1.706801
370,-1.122023,1.809088,0.018658,1.217703,1.318309,0.364124,1.774363
69,-1.121569,1.22848,0.12931,2.227085,0.59145,0.26813,2.202071
635,-1.121073,0.833855,0.492024,2.454225,1.560872,0.657625,2.094592
362,-1.120917,1.320249,1.135718,0.614593,0.603593,1.550729,0.571021
983,-1.120666,1.62999,0.28514,1.161836,1.09293,0.919955,1.174496
902,-1.120273,1.263833,2.110397,0.549423,0.532728,2.244057,0.168455
969,-1.120149,1.169812,2.576737,2.318919,1.954012,2.618825,2.606346
697,-1.119874,2.027549,2.730096,2.210774,2.021227,2.579842,1.385666
298,-1.119706,0.668581,1.968299,1.545951,1.352918,1.634903,1.190417
884,-1.118767,1.753992,1.227616,2.427903,0.955356,1.167961,2.148782
339,-1.118285,2.480732,2.665239,0.805192,2.205634,2.611533,0.000558
383,-1.117853,2.327439,2.054788,1.635526,2.292182,2.057489,2.490316
825,-1.117391,2.623733,1.221246,1.264049,2.985002,1.040936,0.781744
788,-1.117349,0.62452,1.749996,0.692845,0.44173,2.060046,1.208455
488,-1.1173,1.16902,0.506656,1.153934,0.521262,0.050463,0.819769
642,-1.116813,0.698689,2.847984,2.479871,0.563322,2.425053,2.03822
322,-1.116685,1.603421,2.619256,2.548307,2.195931,2.406585,1.955661
813,-1.116291,1.664326,2.282178,2.057493,1.522913,2.613874,2.566684
277,-1.115976,2.494065,2.234999,0.354206,1.874506,1.637704,0.227071
598,-1.115761,0.55374,0.803022,1.887409,0.890278,0.798028,2.691323
372,-1.115182,0.247223,1.679428,1.455401,0.434713,0.92175,1.058245
259,-1.1151,1.525669,2.688009,1.266326,2.085083,2.439842,1.357918
953,-1.114847,1.212422,1.850833,0.728457,0.684894,1.83355,1.430319
766,-1.114692,1.471864,1.145378,2.553979,0.922781,0.470419,2.680829
944,-1.113845,2.661355,1.719199,0.105051,1.913036,2.191836,0.123843
764,-1.113637,1.035153,0.671639,2.157184,0.592842,1.3615,2.495933
279,-1.112959,0.903715,1.336961,1.398236,1.460489,1.19064,1.600976
22,-1.112077,0.66912,1.559823,0.86731,1.131623,1.166573,0.869391
95,-1.111937,2.336877,1.356657,0.766954,2.666063,0.551639,0.542071
14,-1.111521,1.384943,2.664642,1.46428,1.579391,1.871306,1.844783
137,-1.111167,1.412004,0.697213,1.704871,2.311116,0.731009,1.62325
531,-1.110288,1.019142,0.881061,1.185415,1.452164,0.328911,0.60729
571,-1.110143,2.425969,2.331108,2.824628,2.142614,1.802882,2.85833
633,-1.109897,1.167352,0.744246,0.471127,0.849283,1.322212,1.100407
694,-1.10983,0.201894,0.936905,0.94542,0.911373,0.483637,1.296377
83,-1.108618,2.499501,1.770858,2.390047,1.703933,2.226404,2.314833
848,-1.108454,0.658354,1.302102,2.317142,1.095961,1.54363,2.639755
926,-1.108432,0.616952,2.018086,1.105567,0.49822,2.53997,1.855101
900,-1.108242,1.909422,1.76276,1.070823,2.19933,1.824104,1.944113
676,-1.108177,1.645737,1.575946,0.193022,1.121645,1.475645,0.454079
942,-1.107598,1.857357,1.540153,2.329616,1.244511,1.155405,2.90776
195,-1.106212,1.645126,0.524803,1.923639,1.207069,1.117181,1.348423
616,-1.105941,1.597032,0.365681,2.555635,2.481914,0.658452,2.466039
637,-1.105501,1.798671,2.550992,2.864633,2.577069,2.558348,2.339481
666,-1.105089,0.036531,1.525833,0.693089,0.686145,1.007246,0.250977
31,-1.104459,0.507899,1.645072,1.318676,0.860208,2.05511,1.100002
636,-1.104409,1.754535,0.855422,1.601575,1.090154,1.515784,1.472872
440,-1.104286,1.1306,2.049154,2.495542,1.355113,2.672965,1.820356
126,-1.102334,0.12501,1.456157,2.49017,0.518254,2.325308,2.574826
123,-1.101747,1.572862,1.872605,1.16323,1.295238,2.305958,1.421772
355,-1.101484,1.968623,1.417427,0.675171,2.514629,0.652974,0.885303
840,-1.101115,2.409811,1.824816,1.089889,2.873644,2.107383,1.276663
634,-1.100682,1.533495,2.476804,2.592618,1.70142,1.525282,2.548455
78,-1.099716,0.27844,2.47651,2.204432,0.455546,2.924786,1.359514
732,-1.098782,1.980619,2.203613,1.246647,2.297985,2.350338,2.160007
454,-1.09732,2.511473,0.178313,0.55627,2.398351,1.107012,0.244429
117,-1.096317,1.130598,2.233591,0.281255,2.070959,2.544257,0.333353
214,-1.096312,0.773471,2.595611,0.223898,1.632538,2.247722,0.57679
973,-1.095408,0.042382,2.082624,2.641017,0.331181,1.930969,1.699191
901,-1.095363,0.934877,2.460557,2.286489,1.284184,1.821905,2.9677
100,-1.094438,1.856037,2.375084,1.749252,2.622991,2.041147,2.300891
540,-1.093072,1.625585,1.546539,1.923835,1.665541,1.077146,2.816591
74,-1.093057,2.766954,0.383562,1.348274,1.994039,0.975012,1.616405
456,-1.09281,1.899624,2.012925,2.368049,2.356524,2.218437,2.128368
227,-1.092734,1.951813,0.234047,0.641863,2.2798,1.142319,0.942026
588,-1.092135,0.780545,2.580995,1.629995,0.345627,2.271533,1.481766
397,-1.092122,1.543755,2.009966,1.26021,1.408778,2.060762,0.255967
154,-1.091449,0.837406,2.502489,2.339894,1.853062,2.510805,2.269089
336,-1.091383,1.192599,0.837113,2.533499,0.68445,1.221697,1.738993
189,-1.091153,2.282476,0.777187,0.026966,1.411555,0.375723,0.373662
275,-1.091,0.168569,1.219868,1.028836,0.025617,0.426195,0.403385
354,-1.090592,0.843786,1.914273,2.362551,0.297521,2.767536,2.502299
952,-1.089611,1.736563,2.576369,2.660069,0.89679,2.259721,2.158871
870,-1.089459,2.061667,2.521048,2.126053,1.623225,2.461707,1.197296
173,-1.089449,2.489998,1.274297,1.921493,2.814547,1.442289,2.883208
411,-1.089357,2.848864,1.559995,1.435297,2.155822,1.861359,2.1341
846,-1.089295,0.188567,0.910708,2.180972,0.678517,0.729611,2.014277
888,-1.088017,2.370765,1.310352,0.012476,2.047466,2.292858,0.077571
273,-1.087474,1.264227,2.211674,1.488223,0.706884,1.762569,2.241672
401,-1.087268,1.121378,0.332105,0.870409,0.698369,0.306594,1.212197
578,-1.087256,1.330924,2.617475,1.900035,0.304333,2.602268,2.068179
972,-1.086963,1.203984,2.516954,2.383789,1.720132,1.676177,2.718877
801,-1.086843,1.206096,0.929196,1.761798,1.583897,0.066159,2.208273
948,-1.086779,2.591112,1.569586,2.472473,2.982718,0.701862,2.898272
499,-1.084485,1.953459,0.469291,1.894857,1.194803,1.12843,1.574397
222,-1.084354,0.299709,1.073833,0.327988,0.908272,0.300163,0.709084
450,-1.08373,1.645264,0.646852,2.382053,1.410982,1.101088,2.550054
961,-1.083154,1.948993,1.527296,1.830613,1.588419,2.463023,2.179511
859,-1.081189,0.104411,2.53049,1.639626,0.49451,2.985293,0.750848
122,-1.081101,0.958254,1.215254,1.954294,1.239509,0.286214,1.498551
907,-1.080449,1.721187,0.27763,0.792239,2.27061,0.810358,0.036296
299,-1.079152,1.352975,2.252154,1.023282,0.941749,1.465221,1.642218
618,-1.078592,2.334087,2.122256,1.26587,2.480345,1.268058,1.919031
174,-1.07779,2.245947,1.828426,1.790237,2.530251,2.751268,2.294318
826,-1.077285,1.35592,0.866361,2.642637,1.999177,0.991827,1.769333
495,-1.075397,2.246069,1.331503,1.042121,1.75236,2.309016,0.92404
529,-1.074562,0.688674,1.140024,2.650743,1.410191,1.904323,2.994013
589,-1.074445,2.512977,1.03025,2.28177,1.466033,1.081253,2.635584
877,-1.074197,0.883193,0.646252,1.033006,1.006292,1.134708,0.894765
73,-1.071866,0.553192,1.759592,0.177106,0.448276,2.155082,1.218964
124,-1.071779,2.173878,0.637703,1.446669,2.145984,0.488311,0.337264
345,-1.070923,1.033124,1.874904,0.585656,2.03726,2.377412,0.533217
310,-1.069463,2.149659,2.845237,0.605866,1.544226,1.921878,0.852825
790,-1.069341,0.734478,2.171745,0.211511,0.181203,1.382075,0.804659
930,-1.067719,2.11744,1.615407,1.310298,2.733344,1.892859,2.228837
563,-1.066072,1.657267,0.64663,2.561792,2.755992,0.393621,2.780246
205,-1.065986,1.882807,1.128274,0.78814,1.467466,1.226026,1.854842
541,-1.065082,0.444688,0.932089,1.728489,0.104897,1.972447,2.092551
819,-1.06327,0.634242,2.449974,1.246448,0.823203,2.632861,0.114109
291,-1.062364,1.254256,1.965307,2.470412,1.910337,1.501606,1.623979
491,-1.061763,1.695232,0.761284,1.564486,0.942159,1.119548,2.385125
874,-1.061079,1.897742,1.429878,1.777824,1.896406,0.966741,2.855989
414,-1.060985,0.828682,2.3367,1.416123,0.264549,1.331886,1.640057
242,-1.060146,2.143054,2.17762,2.476572,1.130108,2.622589,2.071792
570,-1.059812,1.888337,0.18869,0.557686,0.751159,0.446247,0.737472
523,-1.059264,1.990086,1.076619,1.633044,1.802296,1.670969,2.637927
885,-1.058842,1.123461,0.964295,2.033473,1.319974,0.137667,1.208031
887,-1.058711,2.658906,1.918025,2.136797,1.947482,2.666806,2.718209
76,-1.058574,1.872371,2.328832,1.558632,1.323176,1.279267,1.615723
847,-1.057572,2.050906,0.385035,1.149123,1.744217,0.059493,0.045344
24,-1.05656,1.124839,2.097194,1.330892,0.086704,1.545682,1.551197
184,-1.056541,1.52662,0.799429,2.129079,2.598536,0.346696,1.852165
695,-1.056471,1.732171,1.103979,2.29371,2.536099,1.935303,1.986978
838,-1.05458,0.375576,1.523469,1.998919,1.050814,2.180232,1.246003
561,-1.054407,1.907369,1.041836,0.586914,0.946547,0.349,0.817244
957,-1.053451,2.341506,2.085462,1.438427,2.001574,2.982252,0.698148
472,-1.053437,1.376698,1.389473,1.650162,0.172983,1.372083,1.787051
410,-1.05323,1.320171,2.006986,2.555806,0.874012,2.129039,1.434862
614,-1.052993,2.049203,1.681663,0.99936,1.707118,0.885614,0.149281
687,-1.052583,1.580158,0.483753,2.328417,0.676964,1.150209,1.86108
903,-1.052582,1.038351,1.889693,1.543005,2.151469,2.357655,1.685548
701,-1.051552,0.336073,1.125889,2.450209,1.131149,0.643514,1.658977
395,-1.05066,1.233033,0.207117,0.685432,2.192155,0.969902,0.680177
509,-1.050643,1.169881,0.849505,0.91341,2.304931,1.068165,0.506173
387,-1.050107,1.567848,1.295757,1.382619,0.370223,1.393545,1.128253
374,-1.050018,1.236596,1.265454,1.414244,2.348277,1.524245,0.959432
899,-1.049097,0.583147,1.988108,1.073932,1.745182,2.13886,1.458587
750,-1.049073,1.353152,1.110258,1.168581,1.584272,2.307247,0.981216
335,-1.047919,0.177495,1.003578,0.844971,0.158533,0.093257,0.004416
800,-1.047575,1.241442,2.10989,2.357259,0.532731,1.117214,2.585666
555,-1.04752,1.357817,0.006614,1.736912,1.061627,1.195734,1.539946
503,-1.047265,1.598028,1.822201,1.342166,2.434045,2.444501,0.665758
677,-1.046126,1.604799,1.62632,1.449701,1.327448,1.29697,2.621247
793,-1.046066,1.592482,2.465955,1.176481,2.285327,2.907684,0.236526
481,-1.045182,1.060779,1.529207,2.478899,2.261153,1.217775,2.657396
936,-1.045118,0.201719,1.915043,0.46145,1.448642,1.78985,0.469482
881,-1.044976,1.012116,2.66172,0.848462,1.052467,1.691926,1.642324
420,-1.044699,0.064477,0.571245,0.803611,0.711519,1.509552,1.329679
439,-1.04458,2.576589,1.312276,2.858667,1.718742,2.030246,2.287747
802,-1.043435,2.007266,0.920028,2.030174,2.692746,1.645515,2.801914
77,-1.042962,1.069891,1.245045,0.136095,2.090878,1.923318,0.44484
318,-1.042867,1.03827,0.973959,2.56939,0.33368,0.45193,1.658326
669,-1.042857,1.143815,1.108757,2.623671,1.364365,1.154148,1.379315
522,-1.042842,2.859041,0.853247,1.242099,2.062986,1.834598,1.191418
85,-1.041033,1.524611,2.56289,0.574242,1.965024,2.191796,1.710343
689,-1.040243,1.388461,0.878744,0.709479,2.546732,0.350957,0.820797
138,-1.039691,1.7333,1.841099,2.233431,1.251417,2.900087,1.698644
300,-1.039636,1.790474,1.379762,1.83554,1.171361,0.26178,1.75077
883,-1.039556,1.643546,0.294267,2.6767,0.982506,0.065095,1.603431
557,-1.039419,1.398475,0.980341,0.404249,1.597797,1.829737,1.343377
130,-1.039412,2.060737,2.497375,2.084852,1.079657,2.842908,2.834085
104,-1.039316,1.569046,2.926848,0.637585,2.225725,1.826023,0.675792
828,-1.039063,1.88165,0.061037,1.35412,1.816315,0.839022,2.373061
817,-1.03426,2.565392,0.152068,0.472519,2.24923,0.755295,1.589139
652,-1.03363,2.994134,1.801743,1.370595,1.956247,1.764545,2.170873
147,-1.033616,0.679006,1.862918,2.330133,0.65258,2.069925,1.035654
223,-1.033463,1.91242,1.283853,0.566815,2.406906,2.455737,0.245195
134,-1.033215,0.313844,2.742017,1.474339,0.206404,1.46549,1.185372
627,-1.032828,1.520465,0.069881,1.972148,1.083086,1.007349,1.159996
480,-1.032288,1.845872,0.348028,0.666075,2.579347,1.392168,0.336319
152,-1.032089,1.832434,2.241285,1.679713,1.162567,2.893865,0.749639
711,-1.030795,1.601504,0.032445,1.070438,1.877382,0.794886,2.119054
702,-1.030766,1.843996,2.671063,1.389073,1.05477,1.69229,0.968915
475,-1.029888,2.093586,2.340821,0.733475,1.04414,2.670245,1.481432
248,-1.029461,0.718757,0.846766,1.38138,1.058949,2.099108,1.683044
985,-1.028986,1.531011,2.368577,1.628157,2.53687,1.505934,1.788302
587,-1.028583,0.323033,2.007596,0.866045,0.832938,1.790492,2.082558
238,-1.026783,1.356435,1.2684,1.415433,2.322639,2.167458,1.679764
320,-1.026587,1.123505,2.611697,2.100313,1.303192,1.372711,1.603258
912,-1.02645,0.670229,1.829821,0.321611,1.462468,1.100431,1.131969
15,-1.026375,0.847391,2.435116,0.632028,0.560672,1.81345,1.793356
989,-1.025927,2.309147,1.663124,0.85219,1.971732,2.644653,1.716082
255,-1.024869,0.738049,0.501753,2.961276,0.949553,1.830074,2.790777
466,-1.024633,1.970986,0.45863,1.563584,1.47436,0.142965,0.34078
371,-1.022506,1.301081,1.234559,1.777149,1.195452,0.0517,2.45615
724,-1.021792,1.974989,0.392548,2.702758,0.674552,0.004237,2.503942
866,-1.021269,1.739899,0.345749,1.444864,0.421352,0.309941,1.058842
798,-1.020249,0.151973,2.364223,1.99287,1.328453,1.64955,1.900555
994,-1.019798,0.150088,1.523266,2.128376,1.002278,0.494998,1.773029
667,-1.019666,0.734565,2.239495,2.519974,0.175924,1.024323,2.870676
696,-1.019515,1.274699,2.810642,0.795076,2.517624,2.208768,0.712846
602,-1.019395,1.384205,1.013951,0.861588,0.135585,0.812148,0.2996
271,-1.019227,1.522971,2.109865,2.674385,2.73189,2.432596,2.080774
815,-1.018142,1.671154,0.247161,1.074829,1.21368,1.009649,0.005735
892,-1.016056,2.900512,2.289247,2.845169,2.037309,1.236728,2.511975
285,-1.014577,0.27221,1.266003,0.147522,0.093053,1.455185,1.532349
845,-1.013565,0.822015,2.479028,0.91883,1.911904,2.352673,0.026213
997,-1.012167,0.832564,0.96182,1.472536,1.584809,1.442265,2.579188
765,-1.012073,1.577568,1.730739,0.427155,2.342485,2.889617,0.119432
925,-1.012067,0.351272,0.88618,0.615904,0.277452,0.918539,2.035896
731,-1.011125,2.638158,0.207291,1.651318,1.750769,0.376703,0.546406
745,-1.010255,2.571764,2.438461,0.23112,1.196989,2.812635,0.372805
617,-1.009554,1.685018,1.406471,2.240485,0.590547,0.62369,2.740562
863,-1.009469,2.767946,0.924351,1.405894,2.982312,0.669824,0.009022
442,-1.009396,0.393545,2.102734,1.197559,1.661587,2.718747,1.472661
366,-1.009369,0.870434,0.002786,2.894371,1.817142,0.679001,2.051771
993,-1.008978,2.873581,1.079467,1.288966,2.551857,2.214119,0.465252
231,-1.007744,0.819999,2.900481,2.600762,0.52126,1.488135,2.5351
261,-1.007618,1.104857,1.892275,0.587416,0.445293,2.613133,1.653032
21,-1.007612,0.718655,2.105048,0.140139,0.298417,2.412355,1.488935
319,-1.007474,0.058741,1.831669,2.332532,0.789055,1.45655,1.141593
864,-1.007281,2.052409,0.774235,2.539511,0.692035,1.268744,2.524804
916,-1.007211,0.649679,2.541768,2.422336,1.679863,1.530154,2.53097
5,-1.006884,1.406741,0.445281,1.814525,2.374084,0.202726,2.866616
832,-1.006697,0.438484,0.182511,0.459834,0.899904,1.549118,0.614201
831,-1.006132,2.026514,2.576477,0.631169,1.669151,1.575654,1.622996
281,-1.00393,0.592566,2.123732,2.196206,0.105816,2.537022,0.877263
703,-1.003252,2.440435,1.857404,2.259583,1.071732,1.604316,2.729237
143,-1.002891,1.830257,0.43882,2.545682,1.063688,1.690238,2.44577
625,-1.002618,2.949933,1.594583,1.198859,2.734598,2.466646,0.032196
484,-1.000804,0.859723,1.693672,0.72308,1.551717,2.073489,1.977523
75,-0.999373,1.19611,0.722324,0.989716,1.254211,1.696662,2.115304
580,-0.99923,1.522085,0.024839,2.18059,0.679052,1.074752,2.82007
23,-0.999136,0.64591,1.98564,2.434007,1.827616,1.112985,2.689978
781,-0.998057,0.927172,0.556094,2.018771,0.871605,1.782466,2.875411
249,-0.997976,0.566598,2.031213,1.735195,1.82238,1.708307,0.986216
170,-0.997896,0.631168,2.263677,1.517046,0.86582,0.784975,1.473399
757,-0.99718,1.756636,1.735328,1.038388,0.446751,1.138931,0.609805
65,-0.996923,2.105181,0.856029,1.227025,1.752276,0.560059,2.657833
928,-0.996305,0.7961,1.881336,1.543573,1.232371,2.756922,0.397935
260,-0.996158,1.352804,0.177891,1.859672,1.31408,1.127444,0.689746
585,-0.995199,2.343272,1.875899,1.510506,1.523862,2.554951,2.585258
365,-0.993737,0.473471,1.995837,2.509221,0.345466,0.55666,2.982772
744,-0.992243,2.045218,0.290482,1.431643,0.997908,0.016463,0.352346
705,-0.992162,0.968404,1.232298,2.298798,1.672666,2.581393,2.149989
68,-0.991809,1.450847,1.989544,2.895084,0.39549,1.041859,2.318679
332,-0.991606,0.902947,2.31558,2.522064,1.040567,1.973972,1.034812
986,-0.991393,0.521574,1.299805,2.960073,1.728894,1.658155,2.085367
958,-0.990849,1.160445,1.194673,2.548981,1.888902,1.879568,1.382531
871,-0.990796,0.348683,1.201606,1.543045,1.793547,1.622958,1.852986
753,-0.990294,1.463244,0.66458,2.10493,1.725523,0.857071,0.600298
333,-0.989507,0.584772,0.588025,0.511785,0.573831,2.131699,0.522373
938,-0.989072,1.001437,0.483845,0.061491,1.268958,1.933119,0.52908
946,-0.987934,1.523866,1.009059,1.315455,1.543876,2.396934,0.620074
290,-0.987544,2.574385,1.532161,1.967477,2.721908,1.625214,0.422662
644,-0.987402,1.392468,2.556165,1.44738,2.27521,2.083135,0.257278
202,-0.987256,1.233935,1.837058,1.54106,2.531362,2.683213,1.390822
868,-0.987045,1.582436,1.35141,1.554604,2.98833,1.333721,2.224429
850,-0.985797,1.635706,2.527307,2.075686,2.554536,1.439211,1.428358
206,-0.985784,2.169306,2.6722,0.278421,0.656311,2.9728,0.539095
207,-0.985726,2.162871,1.206734,2.376153,0.703931,0.738096,2.059366
38,-0.985724,1.435166,0.561065,1.15651,0.795659,0.478182,2.582229
413,-0.985581,1.956304,0.129292,1.265377,0.605806,0.670677,1.843357
514,-0.985158,0.078708,1.559115,1.727537,0.992118,0.864046,2.795702
356,-0.985057,2.438047,0.421738,1.230089,2.245802,1.863879,0.644034
176,-0.984789,1.743853,1.037815,2.186099,0.72335,2.220578,2.342769
422,-0.983352,2.021114,1.633753,2.535495,2.59347,1.742266,1.068899
918,-0.983032,0.177425,2.161616,0.000719,0.158103,2.58637,1.522285
239,-0.982775,2.750488,1.748132,2.744988,2.198869,0.332,2.308154
363,-0.981556,0.032457,1.940599,0.018229,0.559112,0.706031,0.867221
552,-0.981426,0.750011,1.441154,0.199321,0.849397,0.939127,1.703562
929,-0.981133,1.255012,2.154794,0.391257,2.57242,1.264135,0.424119
911,-0.980241,2.128448,1.355147,1.030184,1.988386,0.108634,0.043981
317,-0.979378,1.741621,2.114634,0.59251,2.787328,2.407354,1.768294
99,-0.979264,1.227794,1.467626,0.656679,1.899175,0.038207,0.392596
878,-0.979082,2.712855,2.253417,2.33896,2.770827,1.92673,0.771486
992,-0.978272,0.378654,2.614196,0.752245,0.480446,1.106652,0.20561
58,-0.978266,0.85774,2.28217,0.229346,2.40343,1.888346,0.035137
937,-0.978158,2.235535,0.519757,2.387155,2.615251,0.578144,0.826273
423,-0.977694,2.276469,1.64183,1.558606,2.088761,2.80677,2.65412
779,-0.977617,1.952898,2.279493,0.981889,0.479595,2.491674,0.366883
444,-0.977175,1.81228,1.963545,1.686319,1.670947,0.682288,0.716564
889,-0.977061,0.650896,1.04685,1.305187,0.0788,2.002206,2.473148
59,-0.976902,0.484811,1.529981,1.051369,0.066581,2.792891,1.966361
650,-0.976538,1.808502,0.040524,1.594711,1.709534,1.623806,1.28292
44,-0.975571,1.964697,1.585817,1.688317,2.732303,2.394085,2.866983
113,-0.974936,0.120423,2.389022,1.846963,0.593862,1.156264,0.898391
236,-0.974828,1.53996,1.253516,0.058972,1.140722,1.774776,1.547107
407,-0.974331,1.513561,1.031848,1.463901,1.735724,2.625103,1.723029
421,-0.974122,0.487601,0.882721,1.704612,1.823678,1.691187,1.235367
526,-0.97406,2.14187,0.861078,0.433023,2.44785,2.421876,0.071958
194,-0.973796,1.244498,1.849527,0.750474,1.271464,0.261083,1.126196
201,-0.973795,1.446175,1.423578,1.487005,0.300599,0.260675,1.506559
603,-0.973676,1.564706,1.365888,1.102622,0.452115,2.256166,1.90065
313,-0.973336,1.566605,0.801096,2.29541,2.477971,2.088936,2.725061
102,-0.972743,0.448853,2.212096,2.594667,2.071758,2.405223,2.47698
537,-0.972718,1.647648,1.888185,0.302216,1.535855,1.337512,1.841598
638,-0.9724,1.362817,0.7257,0.083727,1.833944,1.574983,1.405939
963,-0.972303,2.587052,1.966548,2.441898,2.136033,0.85545,1.321466
167,-0.972278,1.184167,0.308621,0.858111,0.502463,0.364962,2.35006
795,-0.972202,1.795813,0.047203,2.291289,2.007323,0.228406,0.673364
890,-0.972191,2.227581,0.125667,0.437443,1.261054,1.44564,0.57511
686,-0.971902,2.114831,2.504325,1.522787,1.109672,1.266999,1.123203
709,-0.971438,0.768226,0.711022,1.162368,1.169011,2.079142,0.33928
688,-0.970181,1.07074,1.437911,0.468161,2.302812,0.484878,1.022907
264,-0.969127,0.561653,2.104273,1.571467,1.827979,1.189355,1.011309
110,-0.968817,2.250579,2.464519,1.607424,2.301456,0.832091,1.912475
520,-0.968755,2.99562,0.573999,2.057061,2.652543,2.069276,2.695906
0,-0.967458,1.371727,0.457379,0.967342,2.757446,1.052091,0.250993
293,-0.967258,1.45741,1.71678,0.684338,2.666603,2.644466,0.000057
725,-0.967194,2.15654,1.2125,1.361361,0.573671,1.064882,0.846594
914,-0.96696,1.708398,1.189185,1.900579,2.932843,1.53046,0.813779
910,-0.966951,0.153791,1.365262,0.505835,1.729068,1.888148,0.300571
675,-0.966852,2.222032,2.875397,1.07973,0.695663,2.369336,0.61811
241,-0.966503,0.536975,0.361075,1.837729,0.595947,1.501797,0.612505
51,-0.966341,2.812191,1.622126,0.807024,1.822937,2.324413,1.963424
841,-0.965344,1.558035,2.154759,0.48995,2.818903,2.833305,1.372389
478,-0.965143,2.820275,2.411472,0.950597,1.211499,2.077856,1.315916
309,-0.964759,1.58527,1.005253,1.245143,1.134854,2.604136,1.530267
441,-0.963952,0.738845,2.917163,0.110048,1.958038,2.284832,1.095193
114,-0.963491,2.766356,2.093466,1.518864,1.865698,0.668253,1.365062
807,-0.963316,2.333471,0.38425,2.415584,1.363644,0.076996,1.061099
267,-0.962636,1.975764,0.299667,1.848763,1.464504,1.918871,1.861522
41,-0.962532,2.148439,1.43619,1.825729,1.219354,0.088392,1.372148
852,-0.96177,0.775998,1.3572,0.453712,1.925121,0.101416,0.513205
592,-0.96149,1.416408,1.844804,1.965051,2.282453,2.677742,0.755543
289,-0.960712,0.188399,2.588717,1.595816,0.786072,1.259951,0.701474
190,-0.960546,0.26372,0.797443,2.561944,0.592378,2.424784,2.149806
28,-0.960184,0.635674,2.227978,1.4767,0.069681,1.055594,2.589685
66,-0.959443,1.31774,1.832645,1.318264,0.613763,0.295911,1.015344
586,-0.959147,1.343933,2.837217,2.447396,1.229451,2.053805,0.921549
141,-0.957446,0.028819,0.185947,0.822865,0.522392,0.982401,2.276361
158,-0.957407,2.48254,1.808458,1.995375,1.132361,2.481153,1.149249
631,-0.957278,0.197797,2.506983,2.335618,0.660361,2.871297,0.708517
314,-0.957238,1.379738,0.674206,0.730314,2.624881,1.809061,0.33445
610,-0.955895,0.412741,1.092709,1.296525,2.048998,0.561256,1.044291
812,-0.955814,1.187643,2.752975,2.683839,0.603227,1.116619,2.760835
111,-0.95554,1.393479,1.500555,2.382588,1.713693,2.926875,1.437048
661,-0.955281,2.04939,0.980417,0.649614,2.481413,2.557888,0.04842
538,-0.954997,2.767966,0.546644,2.798683,1.334064,0.592198,1.806516
767,-0.954768,0.799438,2.451538,1.564316,2.411422,2.471045,0.894554
148,-0.954495,1.357163,0.900183,1.474474,0.902846,1.963871,0.164712
962,-0.953894,0.450477,1.804529,1.264973,1.888904,0.806103,1.247225
408,-0.953883,1.018648,1.474326,1.649503,0.541385,0.57798,0.222875
445,-0.953855,0.958693,1.812888,2.765718,0.454235,0.168001,2.438684
772,-0.953566,0.630729,1.746186,2.912032,2.195045,1.157608,2.383077
789,-0.95265,1.189092,2.320392,0.676964,1.215948,0.562627,0.625067
25,-0.951954,0.919875,2.838954,2.618892,1.188162,1.764253,1.24726
752,-0.951854,1.309589,1.382311,1.690115,2.403603,2.571417,2.396996
115,-0.951439,2.791062,2.918832,0.829581,1.398487,2.220287,1.661672
367,-0.950204,1.627728,1.999251,0.18749,2.242321,2.602844,1.738218
308,-0.950162,2.625312,1.044468,0.911367,1.28784,0.429652,1.901767
140,-0.949946,1.820417,1.007609,0.432377,2.503164,0.679736,2.03826
984,-0.94993,2.486839,0.253959,2.662585,0.981529,0.863892,1.945023
782,-0.949894,1.762787,0.469331,1.362781,1.400154,2.068228,2.045196
758,-0.949608,2.843747,2.602175,1.274385,1.948678,1.327698,2.131456
424,-0.94902,2.571729,2.815068,1.578315,2.391398,1.239487,0.76706
553,-0.94875,0.104732,2.755349,2.445632,1.283984,1.436462,2.224214
35,-0.948183,1.426242,1.917673,2.05067,1.497757,1.178312,0.425843
151,-0.948126,2.943378,0.159635,2.456013,1.896705,1.562279,2.816795
922,-0.947718,0.052854,2.473379,0.611804,1.413645,1.518834,1.274655
61,-0.947669,1.272585,1.660431,2.296023,1.463266,2.697079,0.849519
786,-0.947602,1.322361,1.520321,2.322617,0.341132,2.391926,1.105083
818,-0.946968,2.010065,2.419621,0.871316,1.067558,0.942534,0.485191
483,-0.946857,1.59321,1.454335,2.352242,2.543807,2.665835,1.430098
663,-0.946792,1.101952,0.603279,2.483147,1.184642,0.72981,0.694198
521,-0.945989,0.869645,0.992523,0.305979,1.560798,2.638936,0.536337
632,-0.945863,1.035208,1.391761,0.778399,0.007356,2.474848,1.785748
908,-0.945376,2.439065,1.848709,1.925989,0.98207,1.000178,1.283644
221,-0.945355,1.994673,1.472235,1.441446,2.382799,2.866769,0.364159
136,-0.944773,2.506212,1.784605,0.493573,0.796454,1.453496,0.979744
178,-0.944404,1.95233,1.13234,0.801201,0.873822,0.946887,2.24349
219,-0.944254,0.865841,0.451852,2.747595,1.089739,2.08439,1.995317
405,-0.943926,1.783052,1.437855,2.553841,0.122053,1.879056,1.974852
49,-0.943909,1.210442,1.500389,1.621276,2.898759,1.232691,1.015361
108,-0.943884,2.336924,2.331531,0.47344,1.767242,2.051428,2.172494
263,-0.943822,1.270039,0.581135,0.212085,0.564539,0.578604,1.883457
773,-0.943739,0.089599,0.319946,2.483435,0.158138,1.835375,1.487489
428,-0.943575,0.220614,2.217815,1.439613,1.77922,1.306576,1.246384
101,-0.943019,0.165062,1.228191,0.757855,1.584347,0.872224,1.838959
862,-0.942111,0.960171,2.577226,2.745321,0.313351,2.994186,1.090375
584,-0.941994,1.758717,0.800005,1.953056,0.051003,0.353813,1.485667
674,-0.941936,1.219046,0.73145,1.292919,0.842717,2.095814,2.447067
854,-0.941672,0.927362,2.56953,0.390099,0.454803,2.111221,2.095391
165,-0.941363,1.759596,2.293889,0.234653,1.521298,2.956353,1.923738
934,-0.941343,1.847208,1.722601,2.179237,2.238465,1.295021,0.443372
519,-0.941305,1.472382,1.08359,1.760559,0.199919,2.075708,2.624605
469,-0.941252,2.010761,0.535643,1.746332,1.25718,0.114074,0.132126
375,-0.941165,1.570143,0.333333,0.97809,2.787845,1.651642,1.342214
502,-0.940402,0.354409,0.913033,2.51884,1.294489,2.480597,2.344505
36,-0.94039,0.333525,1.686211,2.070915,1.652202,2.546419,1.126025
919,-0.940343,1.13896,1.294768,2.71147,0.039539,1.227611,1.24193
27,-0.939466,1.898973,0.450445,1.324487,2.766282,1.582069,2.49106
468,-0.939024,0.423283,2.604173,1.983089,1.569953,2.425113,0.548744
837,-0.938326,2.301542,1.320922,0.019033,2.761375,2.220827,1.568151
377,-0.938187,2.795508,1.395398,1.307901,1.250909,1.83011,2.229651
425,-0.937922,0.542952,1.303964,1.338305,1.346563,2.015483,2.847857
982,-0.937751,2.545536,1.016424,1.841263,1.249675,2.291344,1.480359
283,-0.93721,2.632939,1.079412,1.651897,2.071684,2.741454,2.260712
796,-0.937153,2.811983,2.176132,0.377801,2.136963,0.446475,0.423369
324,-0.937115,2.191941,0.837276,2.213219,1.524473,1.626331,0.669769
34,-0.937102,2.506802,1.185377,2.596521,1.193681,2.275927,1.863658
749,-0.93689,2.569162,0.540587,1.713656,1.000805,1.538494,1.73012
649,-0.936684,0.103844,2.082079,1.353016,1.551224,1.357289,0.436151
604,-0.93618,0.143438,2.754514,1.175449,0.151651,0.891183,1.20879
720,-0.936168,1.208263,1.857419,1.417131,2.852383,2.485232,0.803789
306,-0.935852,0.827411,2.424421,2.222806,0.747667,1.57329,0.564359
245,-0.935803,1.985248,2.225289,0.91816,2.135945,2.603773,2.739275
967,-0.935719,0.894249,1.446183,0.516148,2.159222,0.335088,1.322251
954,-0.935691,0.583166,1.140992,1.793536,2.200637,0.553484,1.069788
166,-0.935649,2.058153,0.506098,1.393204,0.313541,1.102761,1.099064
203,-0.93558,0.692736,1.284649,1.072407,1.074931,0.608805,2.770953
229,-0.935464,0.800894,2.020533,2.003194,1.497941,1.327017,0.414511
722,-0.935039,1.805153,0.087516,1.319816,0.213119,1.069457,1.369364
128,-0.934586,0.691802,0.095934,2.948898,1.855032,1.391172,2.254856
814,-0.934467,1.50744,0.761258,0.188961,0.182888,1.867661,0.921658
747,-0.934299,2.795514,0.625782,1.094014,1.189106,0.706881,2.059641
774,-0.934108,1.34934,1.031593,1.526697,0.212181,2.384994,2.158746
659,-0.933971,0.690095,2.526352,2.24755,0.335739,2.194669,0.433125
465,-0.933742,2.153346,1.818428,1.621862,1.480537,0.142344,2.142911
806,-0.933364,1.3634,2.793087,1.429397,0.125198,1.376984,1.495556
906,-0.933234,2.466999,0.729613,2.859938,1.753487,2.013797,1.681843
175,-0.932483,1.753408,0.382436,1.557996,0.270454,1.248256,2.342971
714,-0.932456,0.554586,1.613414,2.517432,1.716954,2.782425,1.596574
506,-0.932354,0.913873,2.295196,2.649057,1.133039,2.844732,0.85512
177,-0.932279,0.805609,1.502405,0.683605,1.196488,1.642342,2.526904
225,-0.931963,1.301801,0.077847,1.311595,0.125456,1.556866,1.229026
150,-0.931276,0.088352,1.038337,2.808051,1.175997,2.579856,2.617622
630,-0.931138,1.966742,2.90577,0.727017,0.165601,2.640367,0.193663
7,-0.930852,2.300856,1.619119,2.594129,1.959985,0.753035,0.938827
681,-0.930355,1.569652,1.478771,1.994841,1.762675,2.600416,0.470486
880,-0.930306,2.796334,2.884692,0.196513,2.173372,2.174558,1.848146
196,-0.930097,0.356875,0.785165,1.854424,1.837097,0.019555,0.933336
748,-0.929957,1.093163,2.707934,0.262279,0.192491,1.495368,1.423175
511,-0.929816,2.971228,2.474052,2.723166,2.620285,0.60709,2.567898
579,-0.929464,0.948234,2.785706,1.292285,2.553808,2.532611,2.292269
820,-0.92924,1.744861,1.304015,0.361269,2.81969,2.517695,1.370918
966,-0.929212,2.884125,2.407288,2.248596,1.714738,0.995706,1.711619
834,-0.929088,0.029824,1.940598,0.616457,1.056066,1.961284,2.228279
778,-0.928745,0.981974,0.772014,1.114921,0.465409,0.930153,2.950296
399,-0.928546,0.639619,2.204523,1.656382,2.469093,1.995823,1.131884
917,-0.928055,1.723844,2.200383,1.360791,2.045456,0.662851,2.461222
493,-0.927908,2.171996,0.532478,1.280696,0.32593,1.05374,1.331159
869,-0.927678,2.997352,0.38613,2.998663,2.536863,1.078165,1.267408
996,-0.926959,0.393612,2.289879,1.895337,1.28401,0.583166,1.85834
180,-0.926822,1.841585,1.476493,1.20562,0.399581,1.746947,2.453877
296,-0.926732,2.30468,1.169486,2.971408,1.775092,0.079822,1.473013
381,-0.926333,2.584641,1.359859,2.258802,2.161414,1.699216,0.406977
10,-0.926264,0.56381,1.787245,2.713281,2.378335,1.161328,2.916008
477,-0.925915,2.383062,1.555195,0.783149,1.033224,1.728178,2.155232
60,-0.925711,0.881042,2.071163,2.647095,2.70403,1.430808,2.565464
569,-0.925603,2.055962,0.961672,2.563469,1.775878,0.362703,0.745322
769,-0.925467,2.196218,0.039208,1.862841,1.353402,0.632049,0.22434
353,-0.924983,2.490781,1.097791,1.375562,1.401783,2.246104,0.255369
149,-0.924542,0.348615,1.726202,1.015656,0.008316,2.929195,2.501645
827,-0.924417,1.606858,1.836837,0.46142,1.366606,0.154368,1.402738
964,-0.924173,0.518564,1.174671,0.7842,0.042087,0.287427,2.447571
723,-0.923909,2.64788,2.010443,1.088885,1.88884,0.29829,1.618528
853,-0.923898,1.970465,0.75977,1.815307,1.287608,1.855731,0.358938
489,-0.923874,1.95136,0.910185,2.51344,2.67444,2.461903,1.58693
690,-0.923679,0.620342,0.997333,0.803928,0.831324,2.693268,1.738601
32,-0.922752,0.624871,0.954082,1.550447,1.949357,0.720365,0.132516
751,-0.922594,1.957077,0.972396,0.950034,0.1042,1.586797,1.064332
492,-0.922562,1.40686,1.135208,1.860594,2.472398,2.363458,0.77404
443,-0.922548,1.91388,1.074216,1.718285,1.371037,2.386957,0.374043
434,-0.922331,2.656518,2.417425,2.142154,0.71797,2.42908,2.411858
594,-0.922208,1.476771,0.316891,0.638321,0.758542,1.782923,1.719573
64,-0.921832,2.087451,2.908406,2.36297,0.13882,2.974987,2.155862
106,-0.921803,0.668464,0.470113,0.320214,1.426319,2.05446,1.192438
341,-0.921687,0.506925,1.14016,1.934506,0.040423,1.824609,0.156203
755,-0.921639,0.592474,2.78019,0.789637,1.761054,1.364462,0.096884
534,-0.921631,2.552947,2.696507,1.842407,2.20369,1.106698,0.74673
403,-0.92162,1.849222,2.926474,2.522736,2.103654,1.573373,1.124639
583,-0.921232,0.790503,2.547437,2.565082,2.690538,2.85177,2.16735
704,-0.921191,2.251474,1.417904,0.400785,1.36812,2.176912,1.983707
894,-0.92075,1.845565,0.305855,1.162035,0.150752,0.384655,0.164241
808,-0.919594,1.165559,2.296658,2.858586,0.331696,0.509191,2.984527
247,-0.919354,2.170394,2.879749,0.779766,1.646966,1.009857,0.402355
50,-0.919168,2.765743,1.008527,0.081373,2.237634,2.745567,0.869979
504,-0.91902,1.323802,1.397959,1.135049,0.218659,2.592763,2.26348
429,-0.918818,1.43334,0.878306,1.061451,0.011655,0.269704,2.300939
39,-0.918037,1.211747,2.984985,0.767606,0.808268,1.178666,0.043532
811,-0.917857,1.262689,0.294306,0.922605,2.692087,0.419504,2.299589
246,-0.917628,2.720159,0.140748,0.10035,1.557889,0.736695,1.602146
715,-0.917005,2.056235,2.935143,1.64412,0.627813,2.386658,0.364332
737,-0.916652,2.830356,2.21248,2.569615,1.077003,1.510464,1.919954
486,-0.916489,0.879365,1.559487,2.246926,0.358264,0.82064,0.464701
20,-0.916187,1.293272,1.067696,0.268287,1.925299,1.628368,2.081737
727,-0.915846,1.826909,0.700241,0.317366,0.146726,0.91336,1.386822
799,-0.915753,1.56498,2.143332,2.997332,1.121898,0.314078,2.310056
670,-0.915107,0.779583,1.632663,1.473631,2.493938,2.538381,0.950074
932,-0.91502,1.729907,1.917673,0.379717,0.058387,1.439118,1.386185
777,-0.914532,1.686865,1.48737,2.637367,1.598897,0.682415,0.794975
282,-0.913702,2.051662,2.031087,0.112262,2.405868,0.905593,1.749966
668,-0.912984,0.966471,2.126274,0.473955,0.449618,0.310916,1.203765
830,-0.912916,2.98072,1.235555,1.723873,1.244769,1.220557,2.764809
545,-0.912853,1.95577,1.798868,1.49761,0.879605,0.464409,2.574756
159,-0.912522,1.746054,0.318559,0.651739,1.085948,2.171621,0.162544
455,-0.912172,2.967517,2.752276,0.891282,2.34957,1.163259,1.99237
615,-0.912104,2.256217,1.298356,1.241989,0.552741,0.347354,1.803245
935,-0.911071,2.662584,0.412461,2.058779,0.972882,0.145804,0.951638
560,-0.911062,1.630511,1.750362,0.43157,0.367422,2.811989,1.627304
556,-0.910908,1.229847,1.95961,2.039178,2.307164,0.23033,1.963095
230,-0.910807,1.279378,2.628818,0.492358,2.590973,2.754274,2.049224
939,-0.910784,1.293401,0.780327,2.251681,0.472637,0.018792,0.546702
262,-0.910753,0.893278,1.026711,2.48874,1.619204,0.01276,0.874306
498,-0.910381,2.341604,1.997661,0.836017,0.6223,2.323592,1.889757
157,-0.909993,0.053188,1.447671,0.850482,1.732902,2.610238,0.744347
479,-0.909619,2.027837,2.292983,0.691995,0.379817,1.254442,1.325254
873,-0.909613,1.118709,1.444195,0.057972,2.673314,1.432526,1.391694
496,-0.909414,1.757359,1.004249,1.685325,0.321845,1.946407,2.804873
706,-0.909176,1.312233,2.917466,0.275878,0.762441,1.048616,0.919392
153,-0.908947,2.19822,1.251028,1.649821,0.672694,2.153874,0.613692
470,-0.908541,1.707562,2.26742,1.950554,0.329424,0.747957,2.092899
548,-0.908413,1.816221,0.74207,1.179251,1.681113,2.778582,1.437232
921,-0.908259,1.099548,2.069671,2.881268,0.521884,0.749534,1.411421
542,-0.908186,0.094015,0.620095,0.980736,0.396231,2.15595,2.318248
805,-0.908098,2.420475,1.05426,2.382988,1.777734,1.586991,0.500201
191,-0.907919,2.667984,0.506001,1.480221,2.23439,2.078911,2.739287
3,-0.907874,2.342926,2.189994,2.832463,0.452624,2.564767,2.101027
651,-0.90734,2.815189,0.764761,1.595371,0.880005,1.318812,1.133639
708,-0.90716,1.779406,0.387816,1.140149,1.038988,1.459548,2.744464
447,-0.907047,0.479833,0.258429,0.743413,1.677391,1.920016,0.46216
949,-0.905447,2.307441,0.363217,1.617471,2.412492,2.276253,0.809307
257,-0.905082,1.413578,0.835708,0.725927,1.986049,1.385566,2.650835
446,-0.904378,2.274592,0.906846,2.355847,2.384639,2.864884,1.640679
384,-0.90413,2.823588,2.948149,1.581701,1.620448,2.253054,0.021364
577,-0.903028,1.470344,1.416323,2.829104,1.272017,2.437703,1.007607
600,-0.902958,2.856242,0.427466,0.525759,2.00034,2.333074,0.722588
471,-0.902687,2.472335,2.718943,2.551529,1.035918,1.193302,2.694494
865,-0.902641,1.442883,0.858645,2.561558,2.940659,2.071243,1.725458
974,-0.902189,1.47543,0.100781,1.275928,0.794349,2.054793,0.894753
679,-0.901739,2.131827,2.072622,2.078348,0.424746,2.915339,1.174162
487,-0.90129,0.01566,2.475468,1.065538,1.228251,1.913446,2.699599
389,-0.90079,2.12855,2.836755,2.188679,0.710252,1.457202,1.441733
656,-0.900361,2.9821,1.5188,0.432023,1.577471,2.398806,1.750836
979,-0.900051,2.334005,1.488089,1.49469,0.609933,2.282438,0.549483
42,-0.89994,2.345379,2.840595,1.543438,1.425486,1.143245,0.664086
2,-0.899938,2.609584,1.854946,2.659129,2.133916,1.344698,0.65565
432,-0.899831,2.11722,2.832535,0.79811,0.172737,1.984251,0.739456
139,-0.89941,2.160706,0.213931,1.44066,0.635045,0.420335,2.90615
274,-0.898791,0.728146,0.196921,0.556775,2.853679,0.20274,0.699856
82,-0.898617,1.918566,2.401539,0.990219,2.054661,1.492418,2.913537
46,-0.898219,1.876558,2.937045,2.010747,0.702287,1.156399,2.099139
188,-0.89819,2.356873,2.967438,2.185138,0.346231,2.250567,2.227537
680,-0.897869,2.871812,2.137371,1.04956,0.951542,2.833034,0.418895
12,-0.897743,1.029578,0.091799,0.459281,0.623707,2.051784,1.212317
186,-0.897579,1.081218,2.330415,2.566406,1.57291,1.259066,0.780556
816,-0.897354,2.343198,2.272338,0.300041,0.265803,1.964425,0.719545
460,-0.897215,0.432634,1.17148,2.327191,1.323916,0.521049,0.490449
379,-0.89687,0.89066,2.091386,1.79686,2.304904,1.439662,0.321105
4,-0.896477,2.05883,0.500859,0.657539,0.773088,2.073553,1.357146
613,-0.896359,1.498566,1.525308,0.146257,2.145801,0.653161,2.00109
352,-0.895698,1.940127,1.639309,1.436693,2.15242,0.14552,2.97486
436,-0.895516,0.244198,1.289691,1.219192,2.367669,0.985146,1.435507
836,-0.895412,0.047376,2.213288,1.260868,0.678546,0.882438,2.836522
185,-0.895038,0.42172,2.188282,0.328658,1.627341,2.587863,2.075606
482,-0.894967,1.654829,0.600837,1.212591,2.437978,1.634061,2.940769
18,-0.894936,0.819067,1.564616,1.181706,2.127345,0.255971,2.297223
30,-0.894906,2.641746,0.187012,0.071515,2.260639,1.375174,1.835768
91,-0.894727,0.905325,0.877215,0.456989,2.62414,0.44522,1.695839
340,-0.894661,2.657538,2.789028,1.004136,0.502508,2.947561,1.097393
329,-0.89451,1.925224,2.202529,1.60487,1.138443,0.727002,0.231201
787,-0.894434,0.216543,1.154713,1.574414,1.579324,2.554867,0.642642
886,-0.894307,0.16812,1.149783,0.86975,1.016581,2.20225,2.561677
79,-0.894289,1.674511,2.69174,1.743076,0.022785,1.685779,2.718088
893,-0.894245,1.755518,0.607494,0.822327,1.767994,2.654959,0.115185
619,-0.894102,1.481434,0.31726,0.600694,2.480794,2.024378,1.486308
861,-0.893877,1.274506,2.719406,1.681453,2.964192,2.613977,0.325388
605,-0.893373,1.942788,0.747426,1.636256,2.468547,2.747766,0.96933
792,-0.893312,2.375426,0.262111,2.871619,0.94984,1.841435,2.426485
624,-0.893203,0.862931,2.483714,0.893886,1.463625,1.964508,2.918264
590,-0.892908,2.9517,0.424525,1.511482,1.462205,1.948387,1.066433
287,-0.892528,0.413561,1.205228,2.224189,0.525823,0.611096,0.129782
376,-0.892463,1.562208,2.952723,2.576773,0.339357,1.148175,2.628473
84,-0.892133,0.063447,0.900915,2.006573,1.806523,0.9237,0.692352
785,-0.891247,1.609118,2.586444,2.446726,2.21033,0.593149,1.766522
11,-0.891135,2.244951,0.786405,2.830627,0.290395,0.790943,1.840162
728,-0.889988,1.516089,0.56124,0.397265,2.604975,2.45008,0.695556
419,-0.889553,0.008297,1.924196,2.819668,1.42442,2.188744,1.151554
623,-0.889163,0.67803,1.521935,2.308568,1.943901,1.00228,0.576626
29,-0.888163,2.759658,2.180433,1.686879,1.09055,2.267137,0.232561
683,-0.887549,0.287703,1.607081,1.232072,2.046967,0.554746,2.085649
172,-0.886403,2.281827,1.340836,0.390879,0.139938,1.843299,0.755842
16,-0.885877,0.47668,1.058402,2.579761,0.307307,1.348797,0.370704
103,-0.885826,0.756461,0.663683,2.430318,2.719896,1.699054,2.169959
244,-0.885414,2.932106,0.052152,1.255782,2.677094,2.251021,1.587782
70,-0.885317,2.747312,2.373312,0.058101,0.974337,1.125588,0.61816
505,-0.885312,1.793057,2.490813,2.637979,1.698957,0.430984,1.764839
86,-0.885049,1.102099,0.936007,1.718815,2.568005,1.23885,0.050463
54,-0.88477,2.641635,1.016232,2.58177,1.262911,0.914992,0.814461
391,-0.884638,0.591604,1.896814,2.063395,1.780282,0.057686,1.569266
286,-0.884391,0.340093,2.047751,0.65608,2.536299,2.153566,0.193102
55,-0.883615,2.278272,0.680734,1.822988,2.359644,2.918368,1.568555
977,-0.883282,1.89113,0.918964,1.704139,1.274919,2.639095,0.380316
532,-0.882986,1.524123,0.313097,2.888207,2.449328,1.539382,1.23211
406,-0.882611,2.430956,0.000434,2.306958,0.301364,0.698803,2.613552
337,-0.882516,0.889697,2.124644,1.054573,0.411761,0.165211,0.028545
346,-0.882387,0.134654,2.884337,1.673377,2.06916,2.92476,0.497986
990,-0.882188,0.916755,1.175664,1.084659,2.544912,0.712534,2.590593
956,-0.88216,1.926883,2.23241,2.639426,0.935727,0.348899,1.862059
338,-0.882133,1.446574,0.749983,0.61657,1.958359,1.323814,2.748269
691,-0.881612,0.875339,1.808098,1.242925,2.398126,2.91777,2.509925
535,-0.881604,2.197703,2.314115,0.039956,2.530607,0.892756,1.779147
927,-0.880535,1.909641,2.592824,1.32848,2.521445,1.006468,2.847314
448,-0.880271,0.150052,0.833896,1.536376,1.868337,2.204933,0.923333
220,-0.880218,1.66653,1.530158,1.823656,1.479019,2.917431,0.020751
554,-0.880126,2.721216,0.574665,2.845823,0.452875,0.315104,2.813483
208,-0.879421,2.094753,1.430833,0.344016,0.16716,2.505764,0.952821
607,-0.879194,2.864043,2.702426,1.469199,0.725631,2.838011,2.281347
699,-0.878319,2.813588,0.671548,2.116646,0.759008,1.582921,2.600283
515,-0.878211,1.498291,2.432456,2.656923,1.495277,0.638845,1.217101
52,-0.878088,0.922076,1.398849,2.465202,2.86181,2.016722,1.392467
716,-0.87791,1.780785,0.988163,0.396777,2.851223,2.865545,1.191662
768,-0.877893,2.162338,0.100357,0.068539,1.515429,2.004055,1.191202
933,-0.877847,2.905701,2.235218,0.267521,1.449274,0.467589,0.024443
780,-0.877596,2.638341,2.928196,0.601212,1.006705,2.319797,2.112031
685,-0.877332,0.646376,2.983131,0.210981,1.695935,0.934673,0.044015
392,-0.877134,1.668177,1.625534,2.865023,0.050797,1.995757,1.258568
762,-0.876864,1.981119,1.883487,1.611985,0.019507,2.330238,2.750916
726,-0.875989,1.37746,1.281597,2.112611,0.169412,1.895088,0.22985
639,-0.875825,2.934351,0.108478,0.882742,2.52697,1.809898,2.408024
643,-0.875492,2.902803,0.78787,2.763919,2.98653,2.621814,1.338903
464,-0.875133,1.110529,1.197589,2.246419,2.578431,1.385794,0.450382
512,-0.874822,0.475404,0.905702,2.76704,2.243557,0.723154,1.26067
19,-0.874645,0.984209,1.640914,1.961865,2.448488,0.220305,0.833171
127,-0.874612,0.238957,0.283562,0.79008,2.193251,1.523071,1.076293
331,-0.87402,0.743856,2.529082,2.491851,0.384584,2.205495,0.205247
81,-0.87396,1.744211,0.008472,1.465907,0.302843,1.331648,2.745174
664,-0.873234,0.797841,1.419906,0.220549,0.04539,1.755644,2.415218
369,-0.873077,0.698792,0.526285,1.111681,0.25879,2.545188,2.221866
284,-0.872992,0.272998,0.645169,0.597673,1.671234,2.105658,1.788313
941,-0.872772,0.926426,0.855977,0.02001,1.387875,2.304619,1.809859
763,-0.872516,0.629312,2.173985,2.353091,1.903697,1.122663,0.680789
163,-0.872351,0.800689,0.974489,0.736993,2.796064,2.106851,0.218146
135,-0.872258,0.587274,0.526226,0.682747,2.672126,1.605884,0.525655
121,-0.87225,0.706924,0.391106,0.393244,0.869151,0.084656,2.720703
810,-0.872242,1.3795,0.153171,2.542526,0.762488,1.930906,1.129518
575,-0.871547,0.492228,2.888321,2.156967,1.049914,0.63948,2.603214
211,-0.871461,0.223599,2.872472,2.839731,0.502019,0.528783,2.81253
325,-0.87142,2.666066,2.749836,0.281466,1.766378,1.053028,1.654178
645,-0.871414,1.683234,1.15856,2.901031,1.583282,2.688209,1.105656
628,-0.871156,1.269398,1.685379,2.681931,0.577966,0.62928,0.684211
951,-0.871141,2.801034,0.678757,2.008844,1.116489,2.222633,1.405778
760,-0.871103,0.36924,0.931222,0.764917,1.158877,2.692277,2.129379
224,-0.870888,2.558889,0.321578,0.697047,2.306484,1.411317,2.781437
517,-0.870546,1.214311,0.705762,2.203945,0.981351,2.949319,2.927099
501,-0.870323,1.864212,0.884218,0.219165,0.549536,1.206063,2.165573
803,-0.870057,2.219662,1.797487,2.166137,1.212532,0.125941,0.815687
344,-0.869328,0.227374,0.011732,1.185095,1.032566,2.217366,0.796628
660,-0.868894,1.338671,2.299137,0.427202,2.382128,0.998317,2.130813
991,-0.867616,1.333214,1.234109,0.890398,1.293287,2.963003,2.548554
396,-0.867427,0.911094,1.561506,2.576991,2.974489,0.341788,2.634676
595,-0.867279,0.394125,1.734623,2.144098,1.905607,0.196828,1.092485
547,-0.86702,1.517237,1.10801,0.099386,2.497973,1.504241,2.255336
999,-0.866741,0.544637,1.017791,1.39604,2.673013,2.020069,1.891038
382,-0.866365,1.789887,1.494724,1.802375,0.097788,2.745634,0.632485
536,-0.866364,2.854943,1.911898,2.660208,1.040358,0.364062,2.989119
822,-0.865729,0.845011,1.692087,2.759749,1.31753,0.941318,0.515044
97,-0.865388,1.339872,0.755707,1.622905,0.193127,2.882313,1.684703
193,-0.865221,2.831823,2.22082,0.722719,2.016961,2.567051,2.973287
609,-0.865159,1.028502,1.99827,2.657915,2.203952,2.149921,0.549099
105,-0.864704,2.61832,0.68206,0.050877,1.367573,0.305051,2.092023
524,-0.864446,2.00374,0.143351,0.721517,0.764299,0.34327,2.797225
549,-0.86419,2.138203,0.621609,0.731659,2.740439,2.967659,0.904942
437,-0.863906,2.817903,0.102365,1.268042,0.616013,0.275103,0.252293
426,-0.863649,2.676242,2.503085,0.730578,1.380854,1.326763,2.421765
730,-0.863538,0.430203,1.25616,2.304839,1.791565,1.829831,0.369722
26,-0.863515,0.269899,2.482909,0.352309,0.410037,2.781325,2.764663
431,-0.862942,1.964877,1.835461,2.123471,2.695454,0.216314,0.450234
33,-0.862707,1.440417,1.356038,2.360494,2.917117,1.425719,0.416088
462,-0.862664,1.812703,1.455505,2.78644,1.181222,1.714027,0.440673
67,-0.861811,1.463282,1.274271,0.712495,1.788373,0.166575,2.874919
169,-0.861671,0.386137,1.907029,0.284304,0.922842,0.504081,2.223157
133,-0.861324,1.11009,0.610181,2.518117,1.058988,2.465213,0.909289
591,-0.861263,1.047463,0.29232,0.90365,0.49486,1.521771,2.957455
234,-0.861236,2.580674,1.065225,2.448382,1.583868,2.563166,0.775399
351,-0.861014,2.768764,0.344786,2.807755,1.442141,2.413946,2.732516
438,-0.860864,1.355469,0.245624,2.457158,1.31274,1.655758,0.441242
576,-0.860855,1.787386,0.065449,1.934321,1.612014,2.208063,0.737204
183,-0.860762,1.481928,2.168576,0.989358,2.28313,0.042399,1.936245
404,-0.860528,1.994786,2.212992,0.329162,0.651168,1.682085,2.324985
474,-0.859918,0.215127,2.376079,1.35198,1.961459,0.633259,1.466055
94,-0.859713,1.727985,1.807529,0.671381,1.570581,2.735917,2.956862
181,-0.85958,2.742552,0.4908,0.491692,1.928651,1.21415,2.71227
210,-0.859576,0.580617,2.235699,1.941504,1.368757,0.703165,0.16753
913,-0.859567,1.498765,0.539496,2.980679,0.424754,1.521566,0.980857
451,-0.859517,0.849666,0.375679,0.4569,0.205513,2.760319,0.321784
849,-0.858927,0.713799,0.031161,2.527441,2.541692,1.705292,2.596658
742,-0.858604,0.511484,2.888624,1.393592,0.081099,0.965627,2.904057
266,-0.858526,2.735316,1.961096,1.208919,0.322732,2.40639,0.822052
288,-0.858373,2.275789,0.244035,1.209194,0.927686,2.315719,0.950648
835,-0.857911,1.558694,1.942005,0.463834,0.282567,0.186774,1.684391
360,-0.857893,0.885652,0.958923,2.871995,1.560823,0.473552,0.524969
212,-0.857774,1.041115,2.691654,1.019265,0.417268,0.395585,1.757361
891,-0.857736,2.469085,1.61376,1.724894,0.338836,2.630341,0.927144
606,-0.857514,0.191135,2.840591,0.274444,2.158013,1.318221,0.455249
268,-0.857356,2.33881,0.18891,2.442657,2.550895,0.753449,0.021261
851,-0.856188,2.580749,1.627777,2.339066,1.761721,2.306294,0.068677
581,-0.856003,0.282266,2.862138,2.885519,2.216588,1.474152,2.093582
754,-0.855809,0.148697,0.426233,1.140885,1.862354,1.427038,2.679379
473,-0.85575,0.683294,1.795366,1.391224,2.666383,0.365318,0.816338
45,-0.8557,2.775835,2.066011,2.471891,1.737041,0.788607,0.574557
164,-0.85552,0.945314,0.852904,0.536705,1.597052,1.938852,2.708325
156,-0.855244,0.780381,0.718532,0.046917,0.236393,2.615238,1.609197
1,-0.854937,2.711893,1.178828,0.379461,2.094916,2.693739,2.296318
975,-0.854564,0.400695,0.456376,0.632672,0.477012,2.978846,0.656513
162,-0.854397,2.20586,2.759047,2.318297,0.056342,1.491949,1.928535
898,-0.854373,2.645635,1.37455,1.113117,0.467962,0.142543,0.768076
160,-0.85404,0.355037,0.526327,2.761701,0.662463,1.689086,0.536856
182,-0.853642,1.27142,2.019759,1.214675,1.955024,0.216247,2.857018
37,-0.853587,2.752203,0.17129,2.080107,1.30265,2.120647,2.800472
213,-0.853492,2.476634,2.490338,0.188194,2.82065,2.657498,2.693957
43,-0.853489,1.225958,2.57841,1.22515,2.382468,0.37407,1.703333
204,-0.853478,1.024177,2.906247,2.713998,2.822951,2.954162,0.928506
315,-0.853108,1.155148,0.95872,0.179687,1.761014,2.502946,2.101565
734,-0.853013,1.777628,1.694905,0.596396,2.865731,2.621166,2.696016
368,-0.852891,2.813342,2.635301,0.678817,2.831571,0.194413,1.384848
513,-0.852841,0.492307,2.885111,1.352329,0.563257,0.389234,0.878032
611,-0.85264,0.018327,0.75239,0.884882,0.292771,2.910404,2.203103
876,-0.852631,0.487162,2.000316,0.04035,2.030207,0.793863,1.663308
40,-0.852518,2.671926,2.604908,1.961206,1.722595,1.102665,0.139518
364,-0.852469,0.331871,2.726832,2.559999,2.018903,1.110185,1.550298
253,-0.852311,0.952213,2.643665,2.429093,2.333593,0.702614,1.528201
608,-0.851881,1.025231,1.402717,0.647235,2.127853,1.854832,2.903401
860,-0.851841,2.5899,0.036754,1.497776,1.212598,2.163901,1.79924
533,-0.851495,2.209131,0.957085,1.566099,0.045554,2.007833,0.702383
622,-0.850729,1.696983,1.597301,2.562622,0.937468,2.187848,0.186312
62,-0.850506,0.978361,2.697151,0.325092,1.892304,2.162425,2.662474
292,-0.850494,2.103439,1.915167,2.829207,1.327628,2.44099,0.440303
559,-0.850023,1.971205,2.93967,0.109852,1.817028,0.392544,0.424956
53,-0.849933,2.944788,0.298681,1.54569,2.606176,2.80579,1.081381
654,-0.849709,1.315301,2.634351,2.645643,2.668317,1.185575,1.002933
461,-0.849628,0.316286,2.420673,2.503374,2.684335,1.777197,1.721811
761,-0.84931,1.255761,2.434547,2.450918,2.325042,0.126851,2.876656
658,-0.849288,0.252577,1.692601,0.082691,0.126531,1.211051,2.613198
269,-0.848539,1.434352,1.315102,2.125534,0.005819,0.143082,0.314889
662,-0.848223,1.232249,2.268998,2.441359,1.784828,0.350702,0.790546
833,-0.848196,2.302642,0.430768,0.675238,0.656763,2.247083,1.51426
72,-0.8479,2.965778,1.520372,1.020987,0.678273,0.308745,1.187562
756,-0.847852,2.74227,0.321539,1.06928,0.692304,0.425739,2.656077
272,-0.847845,0.553942,1.40836,2.380441,2.402705,2.872864,1.299313
943,-0.847744,2.070784,2.156841,0.391605,2.132275,0.425799,2.324724
109,-0.84772,0.937201,0.620473,2.099342,1.574787,2.846198,0.925365
980,-0.84723,1.504685,2.683133,1.005859,2.137357,0.160146,0.984704
305,-0.846957,0.241101,2.075599,2.394566,2.076641,0.246959,2.656346
323,-0.84682,0.964225,0.444855,2.92962,0.533615,0.778535,0.381551
621,-0.846794,2.675309,0.430368,0.497699,2.230944,2.912283,1.15615
433,-0.846761,2.970521,2.204865,2.957272,1.410134,0.984085,1.263848
647,-0.846675,0.482931,0.236956,1.962113,2.962802,0.800278,1.387166
629,-0.846625,1.154592,1.492211,0.167926,2.048478,2.955836,2.132434
8,-0.846442,2.615635,0.095961,0.128821,2.448098,0.548586,2.693588
258,-0.845965,0.568376,2.337779,2.2945,2.997468,1.671372,2.997114
655,-0.845845,0.104468,2.994077,1.043456,1.69918,1.703611,2.667262
665,-0.845697,0.478515,0.094316,1.714355,0.905718,2.476443,2.712672
657,-0.845622,2.71111,2.39294,0.552579,1.081704,1.349187,2.317124
626,-0.845576,2.866615,2.141955,0.462564,0.364314,1.372899,0.374847
233,-0.845524,1.67318,2.708632,0.966204,0.899059,0.264331,0.427848
125,-0.845319,2.786342,1.703982,2.018921,0.345532,0.749233,2.099064
546,-0.845083,0.696197,0.909098,0.506844,2.424686,1.013994,2.479291
80,-0.844795,1.63919,2.88189,0.440413,2.628906,1.136101,2.137075
145,-0.844643,1.109142,0.306406,1.087645,1.541519,2.809571,1.767381
350,-0.844521,1.649891,1.172872,0.546006,2.235547,0.210132,2.923418
981,-0.844517,2.79387,1.17177,1.207319,0.358351,2.125294,0.922299
256,-0.844218,0.764831,2.89767,2.340436,0.720857,1.065616,0.447984
855,-0.844163,0.051461,0.746928,1.622698,2.127147,0.301464,0.061908
321,-0.84411,0.404757,0.98655,2.306776,2.255611,0.877636,0.433673
596,-0.843952,2.972041,1.244291,1.384804,0.875691,1.739151,2.906575
303,-0.843766,0.839233,2.637482,1.662528,2.385184,0.990401,0.29743
330,-0.843366,1.808212,0.393067,2.981037,2.089679,2.159446,1.034066
490,-0.843093,1.651963,2.338874,2.506291,0.977514,2.881919,0.004999
955,-0.842557,0.009944,0.08982,2.805779,0.927097,2.431376,1.960669
735,-0.842507,0.958071,0.05137,0.952177,0.262911,1.842934,2.782008
568,-0.842448,2.713925,1.914501,2.805022,2.275716,1.670493,0.198643
452,-0.842315,1.846191,0.240151,0.580214,2.589604,1.917543,2.50023
63,-0.842114,1.822969,0.020165,1.944643,2.052315,2.423595,0.83299
682,-0.842098,2.216754,1.205215,2.096806,0.666455,2.532662,0.393776
357,-0.841566,1.978318,0.804007,2.283344,0.41501,2.956427,2.428864
551,-0.840484,0.763876,0.499231,1.077317,1.27072,2.923917,2.091311
361,-0.840301,2.446126,2.911598,0.946707,0.676215,2.157401,2.810586
240,-0.84014,2.974268,2.330378,0.150697,0.378485,1.821115,0.584214
457,-0.839977,2.678308,1.064629,2.368519,0.258522,0.654233,1.286062
251,-0.839706,1.067596,2.54966,2.956026,1.167946,1.107548,0.692721
759,-0.839506,2.548976,1.476395,2.557689,0.689861,0.338749,0.984727
897,-0.838566,0.288491,0.581723,2.268895,0.13366,2.619032,0.505624
142,-0.838305,1.502136,2.394405,2.973574,0.207007,1.705521,0.704583
254,-0.838057,1.016637,1.269212,0.559414,2.751833,0.091592,2.267721
390,-0.838034,0.731615,0.398755,0.959123,0.762784,2.994745,1.718939
527,-0.837775,2.984186,2.280917,0.925205,1.226285,1.343903,2.759804
612,-0.837406,0.748019,2.774446,1.905529,2.217219,0.500077,1.74354
712,-0.837362,2.796774,0.216304,2.011665,0.387229,1.026794,2.959045
409,-0.837332,1.666024,2.572766,2.435867,1.995186,0.223934,1.117952
500,-0.837033,2.89805,0.3745,2.9059,0.940171,2.126859,2.214917
784,-0.836707,0.260346,2.468508,0.026856,1.242235,2.948103,2.51853
388,-0.836604,1.002708,0.720985,0.183041,2.638235,0.013167,2.24053
539,-0.836422,2.036448,0.145145,1.503022,0.878855,2.348836,2.60972
56,-0.836136,0.229624,2.730559,0.190681,1.036648,1.553496,2.515094
968,-0.836114,0.406447,2.92214,0.288799,2.848345,2.058173,1.144249
875,-0.836058,0.163813,0.028408,2.377038,2.289866,1.651633,1.838745
771,-0.835989,1.395922,0.023967,2.990074,0.9499,0.946748,0.460493
856,-0.835432,0.555505,2.882214,1.689686,2.894571,1.643935,0.99598
920,-0.835417,0.853318,1.070884,2.926181,0.032359,1.419992,0.3395
71,-0.834921,0.63217,2.443328,2.450805,1.950435,0.05709,2.746715
698,-0.834558,0.165114,1.290668,1.631297,2.746912,0.469654,1.179741
459,-0.834324,2.631935,1.805611,1.467902,0.188205,1.203963,2.574914
265,-0.834136,0.185898,2.542159,1.1892,2.04557,0.85624,2.316644
47,-0.8337,2.074435,0.501778,1.939733,0.617873,1.927265,0.082978
797,-0.833561,0.853869,2.821901,0.685481,0.725487,0.771741,2.526916
304,-0.83314,0.575601,2.343375,2.549584,1.598883,0.285124,1.014805
857,-0.83299,2.963248,2.419933,2.353179,0.41696,1.345054,2.454595
829,-0.832852,2.693514,2.102198,1.026243,0.020687,1.611822,0.502628
430,-0.832737,0.778715,0.812656,0.604903,2.11702,2.159219,2.620386
243,-0.832722,2.836909,0.979025,0.340191,1.252342,0.301664,2.507649
394,-0.832613,0.602621,1.76525,1.829474,2.7913,2.475502,0.286677
494,-0.832555,1.145699,0.0051,2.241344,0.65914,2.67954,1.703247
931,-0.832353,1.769239,2.509812,1.246923,2.874806,0.008032,0.786893
226,-0.831191,0.146207,0.551539,2.701261,1.587653,2.934338,2.56803
349,-0.831135,2.668169,2.107182,2.453735,0.853263,0.139748,1.671102
6,-0.831092,2.625077,2.914619,1.045444,0.004538,2.009535,0.739183
146,-0.831084,0.579779,2.83839,1.953328,1.402644,0.360782,2.935728
497,-0.830579,2.70697,0.353267,0.94008,1.567564,2.825665,0.303539
342,-0.830264,1.779417,2.714306,2.280848,2.83399,0.126068,2.446059
640,-0.83002,2.075425,2.643753,2.900048,1.529649,1.204625,0.557673
775,-0.829948,0.436521,0.234329,1.368364,2.391601,1.510819,2.920467
217,-0.829876,1.207065,2.963828,0.608563,2.226329,0.381096,1.004148
794,-0.829712,0.493782,1.096777,2.556918,1.170746,2.312725,0.119544
791,-0.829424,1.947726,2.704436,2.32498,1.270343,0.045568,1.716906
528,-0.829273,2.417703,0.333989,0.836423,1.050747,2.136284,2.507392
200,-0.829145,1.174112,2.859634,2.584659,0.097751,1.066703,0.70184
593,-0.828895,1.365011,0.458287,0.336538,2.995006,0.803914,2.608071
88,-0.828146,0.216935,1.711579,2.715278,2.606982,0.415511,1.941682
601,-0.827742,0.092825,2.305114,1.966879,1.47763,0.180805,0.706029
998,-0.827596,1.790419,1.315847,0.658655,0.079385,0.867704,2.872774
844,-0.827343,1.487531,2.887686,1.827893,1.674131,0.069217,2.094015
783,-0.827276,2.195129,0.050202,2.81721,0.31005,0.515611,0.747363
198,-0.826951,1.601436,2.681585,0.382195,2.324155,1.698546,2.949246
386,-0.826548,1.902069,0.344457,1.188678,1.160871,2.50587,2.887895
199,-0.826442,2.297442,2.943044,1.798774,0.047916,1.214508,2.059856
311,-0.825964,1.200572,2.749289,0.277246,0.423379,0.496956,1.850536
987,-0.825933,2.651193,1.203691,0.101792,1.492456,2.453366,2.393135
120,-0.825561,1.215671,1.681657,0.55919,2.045251,0.080143,2.779477
92,-0.825428,2.674603,2.758399,1.853255,2.126606,0.061798,1.065333
574,-0.825315,0.183437,2.224106,1.605574,2.746906,0.999984,1.968277
485,-0.825211,2.876971,0.919361,2.325551,0.543046,0.498708,0.717719
564,-0.825198,2.291179,2.364826,2.719915,2.401031,1.181853,0.11246
710,-0.824581,0.152718,0.047546,1.571578,2.451516,1.720212,1.152972
507,-0.824159,0.298612,0.199141,1.768153,2.817452,1.493631,1.248749
872,-0.823547,2.852389,2.369698,0.123099,0.488456,2.861759,1.706563
402,-0.823174,0.333045,1.850349,0.222162,1.593255,0.259127,2.282925
940,-0.823147,0.916009,2.681376,0.959162,2.974788,0.654258,1.104966
416,-0.82285,2.373169,0.374933,1.336077,0.808466,2.530755,0.197436
978,-0.822826,0.993797,2.681478,2.46294,0.634814,0.012659,1.393909
858,-0.822792,0.930165,0.315519,0.214366,2.745473,1.603127,2.070097
776,-0.822516,1.236298,2.90674,2.944434,1.226372,0.85664,0.891181
510,-0.822456,1.56841,2.861221,2.996986,1.206389,1.560178,0.42797
804,-0.821839,0.113087,1.690921,2.959019,0.110419,2.812818,0.273097
197,-0.821782,1.576383,0.034501,1.297427,0.846155,2.849762,1.161374
453,-0.821467,0.051764,2.067595,0.334125,1.588141,0.935932,2.539058
641,-0.821376,0.624242,2.95916,1.413096,2.225817,1.049313,2.928879
343,-0.821276,2.862535,1.572642,0.196042,0.479105,0.531,1.519856
89,-0.820744,1.921815,0.478958,2.842596,0.928388,2.285481,0.766296
646,-0.820596,2.140955,0.312451,1.064816,0.554051,2.538267,2.114129
599,-0.820147,0.498348,2.274799,0.008213,1.136669,0.033341,1.791137
543,-0.820111,2.237829,1.923916,2.864892,2.036512,0.25798,0.45709
116,-0.820045,0.310962,0.613766,0.162228,2.69355,2.327459,0.089102
252,-0.819527,2.770092,0.277942,0.57247,0.549858,1.924908,1.582327
297,-0.81807,0.399071,2.183261,0.38818,0.228278,0.510889,2.829171
418,-0.817868,2.899564,0.489707,2.812292,1.164941,1.095514,0.482968
970,-0.817507,1.401583,2.737919,0.076317,2.52247,0.023841,0.534612
976,-0.817324,1.011624,0.222615,0.56448,0.953524,2.71498,2.187185
717,-0.817217,1.970276,2.662319,1.407966,0.981941,0.049548,2.43476
988,-0.81673,2.972815,1.083356,2.678276,1.134652,2.176286,0.598231
582,-0.816072,2.953791,2.944496,0.509905,2.782896,1.216513,2.947607
90,-0.815648,1.62074,0.810092,0.329186,2.194982,2.775116,2.520982
278,-0.815542,0.173819,2.901931,2.438745,1.662042,0.608815,1.201314
334,-0.815163,1.341425,1.056923,2.724902,2.946294,2.195366,0.451904
215,-0.814955,2.445768,2.828339,2.812489,1.387273,1.197096,0.515654
232,-0.814915,0.08929,0.439947,2.769147,0.731154,2.719747,0.911466
915,-0.814783,2.843273,1.684251,2.179041,0.349108,0.413319,1.067189
995,-0.814386,2.718359,1.411753,2.948694,0.803018,0.956665,0.661228
824,-0.813781,1.263176,1.653182,0.327172,2.509624,2.476385,2.960034
597,-0.813655,0.833146,0.155559,1.75138,2.798197,2.438012,1.429122
112,-0.812983,2.906132,0.192153,0.940361,0.310666,0.052098,2.515432
909,-0.812934,2.667618,0.919723,1.224446,0.341275,1.913199,2.910429
707,-0.812919,2.421418,2.892611,0.590455,0.810491,0.947381,2.282745
415,-0.812842,1.382501,2.652057,0.647043,0.938307,0.526068,2.776082
746,-0.81278,1.665149,2.968818,1.147122,0.614401,0.114299,1.20539
692,-0.812291,0.521328,1.497928,2.993678,2.849746,2.174892,1.143887
719,-0.81196,0.094257,1.08423,1.699563,2.611689,2.801184,1.481988
713,-0.810889,2.669973,2.8062,0.346861,0.810122,0.845189,1.80641
550,-0.810628,2.69151,1.923429,2.70381,1.18912,2.803035,0.168219
144,-0.810326,2.762332,0.850944,2.659701,1.202992,1.485989,0.080036
358,-0.810306,0.38987,2.447208,0.526655,1.765432,0.848992,2.772759
435,-0.810116,0.018908,0.207795,0.224513,0.623811,2.324815,2.383732
843,-0.809658,1.242609,2.271798,0.437606,0.241528,0.322612,2.617838
718,-0.809615,0.940986,2.719521,2.24096,1.287848,0.529643,0.086149
168,-0.809186,2.430998,1.165651,0.324549,0.167991,0.961715,2.4314
945,-0.80852,2.459738,0.107845,2.80522,0.4189,0.082633,0.459478
179,-0.808512,0.75703,0.192834,1.071916,2.547267,2.723086,0.823184
9,-0.808293,1.549125,2.607416,0.194447,2.206664,0.380504,2.268001
572,-0.807559,2.20826,2.091901,2.801673,1.02138,1.178503,0.058907
307,-0.807323,0.747744,2.195172,2.304983,2.931084,0.205234,1.273884
671,-0.807174,2.20661,2.574912,2.475908,2.899699,0.261057,0.483154
959,-0.806828,0.319221,2.462734,2.523523,2.112756,1.663371,0.077007
518,-0.806761,2.242021,0.441626,2.81221,0.59435,1.004883,0.201444
398,-0.806755,2.667346,0.239812,0.254432,1.646899,1.601902,2.891132
904,-0.806656,2.919545,2.940802,0.673657,0.993476,1.685984,2.812517
449,-0.806364,2.24238,1.017212,2.886878,0.928699,2.688159,0.569165
905,-0.805871,2.452063,0.595406,1.575277,0.522886,2.794736,0.39938
427,-0.805533,2.616221,0.347876,1.055518,2.151716,2.941346,2.797784
896,-0.805239,0.636454,0.342376,0.349307,2.361348,0.681211,2.979648
155,-0.805139,1.354707,2.599157,0.307426,1.162758,0.775154,2.887282
301,-0.805054,2.177461,2.56646,2.920256,2.148869,1.341552,0.000078
17,-0.804693,2.147469,2.378375,0.462503,2.60675,0.002081,2.514287
562,-0.804637,2.909641,1.747475,1.797584,0.313891,0.345272,0.627322
573,-0.803843,0.179772,0.892428,1.973408,2.984794,0.168144,0.643902
57,-0.803815,0.000072,2.475573,0.913943,2.465274,2.337382,2.930665
270,-0.803536,1.017128,0.32898,2.857049,2.206327,2.374549,0.713288
672,-0.802728,0.150676,0.995622,2.722649,2.67065,1.171546,0.746971
187,-0.802443,1.28518,2.530485,2.800315,2.499856,1.485509,0.016562
924,-0.802109,2.397872,2.993322,1.317409,2.109342,0.032862,2.54502
295,-0.802019,2.914541,0.193322,2.380886,1.882018,2.91523,1.006101
947,-0.801901,0.353736,1.254291,2.160227,2.683352,2.498802,0.315632
326,-0.801889,0.369637,1.457785,2.640728,2.676413,0.713396,0.518363
620,-0.80143,2.630074,1.280595,2.784664,0.872064,1.833336,0.132018
294,-0.801057,0.617251,2.832865,2.588774,2.213067,0.618937,0.848725
458,-0.800808,2.758751,0.705997,0.353657,0.092877,2.294138,1.289589
280,-0.80076,2.160345,1.359209,2.820844,0.189181,1.384826,0.247039
118,-0.800694,1.586391,2.664679,2.722375,0.433354,0.258541,0.87864
87,-0.800564,2.313179,0.157416,2.452002,0.303398,2.212078,0.94442
567,-0.800293,0.289018,2.943343,1.81312,2.086603,0.257234,2.158392
700,-0.79937,2.055386,0.315092,0.704263,1.349095,2.85119,2.639566
971,-0.798964,0.243769,2.907967,2.9419,2.492365,1.622705,0.937606
879,-0.797622,1.162521,0.824473,2.201364,2.940345,2.720878,0.168105
684,-0.797088,0.393865,2.686572,1.158271,2.472213,0.111318,1.07361
558,-0.796847,0.301359,1.93447,1.098725,2.746991,0.218454,2.535187
328,-0.796584,1.614053,2.476973,2.989059,1.543673,0.010588,0.767594
400,-0.795961,2.75577,0.228856,1.339001,0.441201,2.421011,2.308903
736,-0.79546,0.632632,1.481092,2.989299,2.28395,0.231861,0.366002
821,-0.79508,2.825425,1.860893,0.643256,0.125466,2.126696,2.607681
119,-0.795039,1.331744,0.024897,2.972106,2.850608,1.890595,0.640358
378,-0.794754,2.309155,1.003041,2.964743,0.002701,0.854789,0.531406
882,-0.794305,2.715775,2.57512,2.288576,0.748781,0.581412,0.423284
385,-0.794151,1.941552,2.51739,0.031169,2.59599,0.759816,2.82882
380,-0.79333,0.264336,0.009805,0.654437,1.242426,2.797651,2.306079
566,-0.792386,1.884861,2.087155,2.716646,2.471775,0.033702,0.065645
895,-0.791745,2.6239,2.612236,0.289907,0.061343,0.87329,1.735547
476,-0.790978,0.137039,2.142579,1.200374,2.688568,0.178497,2.393676
693,-0.790597,1.710826,0.245632,2.581798,2.178987,2.548444,0.066676
228,-0.789519,2.988884,0.054738,2.225879,0.555699,2.461644,1.681616
132,-0.789493,2.243717,0.725128,0.899112,0.033796,2.918379,2.422184
250,-0.788385,0.410161,0.693555,0.211505,1.328321,2.8295,2.815278
412,-0.787887,1.769374,0.37492,0.165948,0.233275,2.110644,2.791051
544,-0.787813,0.843028,2.294428,0.602235,2.34605,0.173283,2.951071
823,-0.786435,2.906669,2.951382,2.934665,0.777985,1.01894,0.877199
417,-0.78618,2.942565,1.300128,0.572356,0.108513,1.533404,2.683
467,-0.785086,0.196171,1.955668,1.796285,2.98261,0.13689,0.510311
131,-0.784569,0.178721,2.967918,1.290242,2.668891,0.486171,0.61555
327,-0.783904,0.110085,2.316817,0.13762,2.658392,1.512748,2.544204
129,-0.783486,0.276804,0.56505,2.892559,1.723473,2.711033,0.38087
740,-0.78339,2.421998,2.878774,1.625226,0.374174,0.141685,0.46816
653,-0.782515,0.343414,0.765567,2.873954,2.51845,2.530508,0.563565
839,-0.781856,2.565074,2.210055,0.1866,0.181531,0.266121,2.147884
107,-0.781475,0.265278,2.503313,0.404534,2.859945,1.575071,2.809757
171,-0.781374,2.789559,2.843128,1.979497,1.182763,0.15667,0.082258
565,-0.780527,2.825987,2.812364,1.862821,0.257557,0.179786,1.67481
673,-0.779272,2.541326,2.138017,2.873246,0.015281,2.587634,0.184162
48,-0.778034,1.281959,0.153223,2.661389,2.507109,2.535691,0.035458
960,-0.775471,0.182545,1.673316,0.166827,2.988324,2.600413,2.598203
508,-0.77545,2.161957,0.091658,0.07095,0.504123,2.525703,2.515451
525,-0.771836,0.388904,0.33889,0.371224,2.445964,2.991433,2.4405
192,-0.76889,0.014946,0.364092,2.269772,2.815261,2.863947,0.755281
738,-0.765528,0.237011,2.195271,2.786382,2.958258,0.277344,0.257784
93,-0.757721,0.071025,0.278733,2.776911,2.786303,2.885714,0.192423
