num,energy,dist,dist
734,-75.965739,1.042214499,1.441129786
803,-75.964087,0.919969123,1.320825949
394,-75.961694,0.944764746,1.303997862
711,-75.957513,0.977399975,1.289519566
324,-75.951841,0.850374579,1.294057543
689,-75.951746,0.995915225,1.263505099
164,-75.948912,1.060735734,1.320437161
795,-75.947641,1.022925687,1.261641376
717,-75.944866,1.135160074,1.432770182
4,-75.94314,1.054896386,1.269345652
321,-75.941148,1.092794695,1.312560188
519,-75.941065,1.098328391,1.321562429
107,-75.938725,1.100604026,1.307377995
539,-75.938207,1.160747263,1.430452449
727,-75.935948,1.086288403,1.263644133
453,-75.928048,1.145490309,1.307397433
388,-75.92799,1.18325298,1.388591234
819,-75.919521,0.897392947,1.068342689
527,-75.91793,1.242174746,1.445768342
125,-75.91636,1.22641451,1.388032619
712,-75.913854,0.91673139,1.035389029
930,-75.909694,1.179114068,1.232963092
737,-75.908703,1.243893422,1.36172789
459,-75.908647,1.324080028,1.619958617
372,-75.908595,1.138439381,1.158221146
46,-75.906218,1.323729717,1.579912771
821,-75.905499,1.039889688,1.030815484
67,-75.904951,1.290204684,1.449326094
177,-75.904403,1.309016216,1.502020457
766,-75.904254,0.844399438,1.044569965
157,-75.901667,1.205559777,1.223355376
562,-75.900031,1.048406313,1.009013279
415,-75.898439,1.31561001,1.455457213
533,-75.896946,1.084224708,1.023236638
736,-75.896803,0.774016927,1.159398208
142,-75.89511,1.132062846,1.065594805
375,-75.894226,1.392710133,1.705480435
360,-75.892765,1.336702427,1.45771032
978,-75.891713,1.396524985,1.673967751
117,-75.890373,1.034977667,0.952694479
617,-75.89033,0.914855049,0.935921878
468,-75.890051,1.407237027,1.699775882
405,-75.888122,1.321606706,1.368714829
769,-75.886635,0.959278587,0.914298314
841,-75.88564,1.427693852,1.724665688
944,-75.884484,1.288296613,1.257905467
593,-75.884387,1.081661188,0.955035562
389,-75.882085,1.363195714,1.422337004
170,-75.880043,1.429679386,1.627366937
325,-75.878941,1.115964303,0.956392349
410,-75.876358,1.467193082,1.754621765
295,-75.876125,1.357907557,1.349025179
697,-75.871907,1.08305867,0.894859812
579,-75.871846,1.254180783,1.095127132
355,-75.871153,0.998674288,0.856428826
442,-75.86709,1.265622647,1.080275282
115,-75.866401,0.856918455,0.885659775
55,-75.862904,1.273274179,1.062699927
332,-75.861669,1.332271374,1.16378392
470,-75.859121,1.401308839,1.297417613
421,-75.855617,1.155801373,0.869657872
163,-75.855215,1.497976297,1.53544879
129,-75.85375,1.487163849,1.480936972
690,-75.852391,1.523970575,1.59140828
979,-75.850833,1.409022781,1.237863966
882,-75.84886,1.569118285,1.731594696
134,-75.848713,1.549254253,1.636295432
92,-75.848329,1.529639018,1.554873475
510,-75.847502,1.455641561,1.32136231
63,-75.846744,1.591197379,1.813817272
765,-75.843913,1.43012018,1.221991706
838,-75.84202,1.14112006,0.795764407
367,-75.842,0.967319564,0.755503236
881,-75.840279,1.614368664,1.795154083
656,-75.838804,1.19366168,0.815962135
165,-75.83815,1.461915533,1.242133256
426,-75.834545,1.592515849,1.588638011
126,-75.832645,1.574149445,1.497728439
943,-75.831228,1.667025637,1.908438229
258,-75.829743,1.318813411,0.889865615
118,-75.829553,0.998861742,0.71722157
959,-75.829461,1.6415635,1.707733212
995,-75.82868,1.400919952,1.014373064
387,-75.82805,1.502786696,1.239249714
525,-75.82805,1.673250887,1.851091714
921,-75.827829,1.52508618,1.295394865
847,-75.825996,0.887381614,0.740244641
629,-75.82568,1.649049596,1.672449273
991,-75.823306,1.013149049,0.700119272
368,-75.823182,1.414445253,0.989044677
42,-75.822814,1.688186893,1.80670058
272,-75.822754,1.674856671,1.73514693
684,-75.820681,1.675836396,1.699715749
320,-75.820597,0.710610731,1.07440384
906,-75.81895,1.69679516,1.765247805
147,-75.817598,1.178480222,0.719801106
673,-75.817545,1.652396921,1.555645713
751,-75.81728,1.736036709,1.998919072
999,-75.816166,1.722609163,1.843689867
150,-75.815948,1.297187402,0.783189093
398,-75.815094,1.728097813,1.849135487
699,-75.814949,1.380491937,0.863381716
496,-75.814826,1.59537959,1.338282495
399,-75.814246,1.709094697,1.728416235
130,-75.81352,1.462250816,0.98756339
523,-75.812267,1.597248666,1.311735988
306,-75.811412,1.117061808,0.681396421
467,-75.810189,1.371797515,0.819565996
508,-75.810096,1.563565293,1.191568054
229,-75.808812,1.382441037,0.822090762
964,-75.80854,1.426207148,0.876144296
909,-75.808224,1.726379837,1.690840425
189,-75.807445,1.679217128,1.500801173
243,-75.807093,1.479049075,0.953410807
931,-75.806694,1.757609413,1.808473624
787,-75.806331,1.297276706,0.738004642
894,-75.805747,1.302474595,0.738720564
338,-75.804138,1.776639762,1.852419727
703,-75.803874,1.695136548,1.502355456
39,-75.803102,0.837979887,0.724193545
315,-75.802903,1.305635967,0.728594042
560,-75.802892,1.654398947,1.358212014
700,-75.802406,1.680699248,1.433568959
143,-75.802337,1.806666779,2.024988111
247,-75.801173,1.814833129,2.062433826
354,-75.800586,1.423915503,0.812103047
520,-75.800414,1.377242868,0.766604147
575,-75.800288,1.723360627,1.545854408
718,-75.798785,1.522468783,0.949249806
742,-75.798595,1.421659975,0.796390033
61,-75.798584,1.18606292,0.664256915
538,-75.797865,0.694873876,1.064753353
259,-75.796926,1.646577551,1.25272568
609,-75.796739,1.649239933,1.257995372
818,-75.795786,1.737372591,1.524796879
287,-75.795722,0.903359657,0.66153962
775,-75.795609,0.677891145,1.16912121
30,-75.795464,1.843204591,2.077429942
490,-75.794782,1.453172624,0.80406012
745,-75.794339,1.849365323,2.088856169
366,-75.794042,1.760234763,1.578832613
578,-75.793984,1.679997926,1.311786199
687,-75.793973,1.795847052,1.72044315
653,-75.79353,1.829031825,1.878699927
975,-75.793461,1.479622603,0.82539024
234,-75.793383,1.844198008,1.979938457
898,-75.793098,1.449840757,0.789189598
183,-75.792832,1.794447824,1.692131494
182,-75.792456,1.843090268,1.937895182
73,-75.791961,1.687629329,1.305869347
331,-75.791798,0.851907419,0.686245036
836,-75.789869,1.390102843,0.724338259
889,-75.789351,1.866878612,2.010178537
958,-75.787544,1.72885701,1.369965898
178,-75.787153,1.359327538,0.696019652
8,-75.786404,1.525657038,0.827258967
884,-75.786346,1.81654244,1.660969125
171,-75.785883,1.502824537,0.795475699
128,-75.784505,1.678894981,1.164099805
809,-75.784323,1.174440192,0.626810789
511,-75.784159,1.802296826,1.566993251
211,-75.782915,1.718273723,1.263484305
285,-75.782568,1.8708238,1.82667011
871,-75.782154,1.769917412,1.420441356
376,-75.781633,1.876891531,1.835126104
981,-75.781437,1.651522521,1.028618801
647,-75.780275,1.737890178,1.28409979
569,-75.78025,1.344666005,0.66614763
611,-75.780057,1.858074468,1.711542208
429,-75.779691,0.791202158,0.729514122
682,-75.77946,1.681945227,1.088202989
867,-75.778622,1.516134253,0.760580746
848,-75.778356,1.902925227,1.891632739
739,-75.777919,1.7208324,1.187978177
749,-75.777262,1.703939756,1.120317229
641,-75.774249,1.783376315,1.334070118
480,-75.774171,1.800345542,1.390684749
51,-75.772986,1.199030258,0.607649209
604,-75.772196,1.617334006,0.82673048
968,-75.771181,1.697390692,0.986181099
68,-75.770219,1.774634543,1.231275664
853,-75.769875,1.906469654,1.708094418
199,-75.769854,1.633079453,0.827288643
261,-75.76933,1.768528159,1.192622258
638,-75.768974,1.777134719,1.216267985
605,-75.768727,1.684373669,0.910177266
918,-75.767994,1.789481768,1.241230437
897,-75.767864,1.724110726,1.007190049
913,-75.766524,1.753961663,1.082796156
236,-75.766151,1.829359805,1.348033121
844,-75.765416,0.781981403,0.712779709
282,-75.764948,0.739339888,0.797754016
409,-75.764781,1.847703411,1.387805424
911,-75.764774,1.611573739,0.76115039
710,-75.764492,1.77551563,1.11844345
686,-75.763123,1.861928252,1.407654366
31,-75.763002,1.710370476,0.886580603
427,-75.762602,1.986799929,1.921051784
772,-75.762299,1.01356802,0.577409847
574,-75.761047,0.797310533,0.681841687
411,-75.759369,1.895176802,1.456794807
172,-75.758641,1.983223886,1.797401731
750,-75.758501,1.758898291,0.936266628
122,-75.758181,1.730301346,0.863963396
982,-75.758126,1.772368804,0.969541735
74,-75.757377,1.702486028,0.809224737
71,-75.757058,1.977248887,1.733171417
971,-75.756919,1.644918953,0.74275727
108,-75.756648,1.767156359,0.926905387
103,-75.756054,2.059601187,2.251077309
124,-75.75578,1.913055773,1.451835524
825,-75.755563,1.265990138,0.586609775
18,-75.754529,2.007633804,1.81109566
90,-75.752989,2.059851164,2.064284094
732,-75.752619,2.080294159,2.271409207
347,-75.752592,1.579719322,0.678897001
757,-75.752385,1.306886367,0.588633991
35,-75.752203,1.927884398,1.433995904
748,-75.751421,1.208630843,0.570393299
216,-75.751317,2.088039214,2.274582106
899,-75.751284,2.070313603,2.072425732
204,-75.750317,2.084200427,2.144462502
917,-75.750091,1.781548659,0.864795713
180,-75.74984,1.791531771,0.882571293
733,-75.749747,1.92250563,1.360070549
632,-75.749657,1.889864841,1.226894093
186,-75.749475,1.704283568,0.752042871
553,-75.749348,2.094603905,2.196659172
536,-75.748244,1.593418201,0.670022062
666,-75.748192,2.061580037,1.91160515
876,-75.747442,1.789432451,0.849077438
423,-75.747282,2.068114462,1.919952454
953,-75.746039,1.515139113,0.63064295
465,-75.745965,1.875841189,1.072964196
914,-75.74596,2.083405848,1.964882166
721,-75.745821,1.970074456,1.45911184
675,-75.745465,1.998578519,1.563941207
998,-75.74518,2.126358467,2.322960682
52,-75.744665,2.113620658,2.120419365
644,-75.744297,1.693366349,0.714614295
83,-75.744013,1.860867243,0.973790991
619,-75.743774,1.764591111,0.779669026
715,-75.743045,1.919109848,1.18127076
526,-75.742461,1.936321889,1.240604069
830,-75.742386,2.024504408,1.59888777
245,-75.742227,1.759764069,0.76364493
152,-75.741808,2.020148708,1.567911606
361,-75.741574,1.771369784,0.772699754
249,-75.741401,1.724149872,0.724734972
954,-75.741331,1.772877017,0.772878333
856,-75.741146,1.962339579,1.317582871
815,-75.74114,2.1516102,2.33810574
358,-75.740674,1.709112641,0.709439229
963,-75.74049,1.809718577,0.816800667
91,-75.739663,1.649236721,0.668287184
302,-75.739063,1.934654881,1.141563624
834,-75.738739,2.04029316,1.578434724
283,-75.738515,2.029920206,1.530799151
707,-75.738264,1.262528203,0.557246323
664,-75.737908,2.093967386,1.788612148
922,-75.737015,1.88426527,0.927139475
322,-75.736774,1.438005574,0.587433428
743,-75.736639,2.156084159,2.088941574
449,-75.736566,1.931283978,1.064015885
650,-75.736507,2.147510863,2.02702711
311,-75.736278,1.922703959,1.026554681
683,-75.735353,1.60550766,0.635117977
885,-75.734686,1.937149251,1.04428024
435,-75.734543,2.097744707,1.718668338
634,-75.733556,2.192855643,2.246151346
176,-75.733287,1.933769454,1.006885446
713,-75.733074,1.967423039,1.123361659
824,-75.732098,2.028765336,1.365768936
373,-75.732021,2.206405615,2.296056562
425,-75.731903,2.207925242,2.307490384
443,-75.731713,1.991732924,1.19139164
576,-75.731304,1.904564529,0.911298
87,-75.730947,1.9141218,0.927742564
813,-75.73082,1.993363885,1.174209342
75,-75.730373,2.21004278,2.220057452
589,-75.730157,1.959579166,1.032864225
752,-75.729822,1.517211499,0.593303238
238,-75.72862,2.203740583,2.086355329
175,-75.72853,0.937664079,0.543931913
3,-75.728135,2.217311788,2.162864204
430,-75.72763,2.016496706,1.188274784
23,-75.727609,1.551261322,0.59810341
758,-75.727502,2.163885363,1.830729326
548,-75.727402,2.216175638,2.120558053
857,-75.727188,2.240435831,2.343635363
965,-75.726972,1.936816494,0.941287486
855,-75.726439,2.172906509,1.843256547
473,-75.725916,2.164986264,1.790910808
603,-75.725892,2.043505031,1.258367518
95,-75.72583,2.062434701,1.340891083
957,-75.725396,2.15910264,1.749550288
607,-75.725071,1.956761045,0.966247271
892,-75.724956,2.194631492,1.906253757
723,-75.724723,1.950385637,0.952125062
551,-75.724607,2.116207226,1.541388667
908,-75.72448,2.247260761,2.221564522
431,-75.724466,2.041439624,1.210386607
497,-75.724422,1.981003969,1.012266133
778,-75.723989,1.965553798,0.975575591
671,-75.723779,1.16358977,0.527552037
731,-75.723271,1.982645412,1.004718283
932,-75.723166,2.245183694,2.139119403
60,-75.723035,2.258837537,2.242859117
22,-75.72256,1.973426135,0.980920337
244,-75.722352,2.273888173,2.369925194
492,-75.722322,2.136648803,1.567783183
852,-75.722313,2.240096212,2.06941901
412,-75.722233,2.172132045,1.720735779
466,-75.722186,2.085391987,1.339394542
155,-75.722115,2.06886553,1.264428954
729,-75.722113,2.071808126,1.277216861
688,-75.721999,2.112447698,1.453734252
379,-75.72065,2.226478143,1.933401904
289,-75.720132,2.045536859,1.128902583
462,-75.72004,2.081156593,1.260653308
16,-75.71997,0.802496638,0.605815858
58,-75.719955,2.286956503,2.327742264
997,-75.719909,1.999634834,1.012728725
554,-75.719699,2.027593697,1.071860158
773,-75.719628,2.247409949,2.01237409
951,-75.7193,2.298904166,2.503436111
976,-75.719253,2.077430702,1.224903393
730,-75.719243,2.036598885,1.08929198
281,-75.718856,2.285599465,2.239376457
728,-75.718775,2.267371078,2.1003813
851,-75.718451,2.181350216,1.656074505
802,-75.717873,2.098641417,1.276382308
698,-75.717073,2.308175693,2.351119952
738,-75.716978,2.312385313,2.405115763
158,-75.716208,0.695121589,0.812336152
168,-75.715609,2.235742704,1.821406446
81,-75.715122,2.071404818,1.126745721
54,-75.715005,2.194045362,1.614083966
547,-75.714974,2.207678678,1.673871305
530,-75.714838,2.292916944,2.100931725
681,-75.714416,2.056201762,1.083556961
935,-75.714316,2.161693913,1.450725533
872,-75.714255,2.175065654,1.50827272
382,-75.714238,2.061171034,1.092538343
521,-75.714095,2.241130553,1.800800421
658,-75.713934,2.284389377,2.015129977
831,-75.71387,2.248992146,1.831163476
316,-75.713637,2.17494313,1.489616602
299,-75.712896,2.198638098,1.573084068
44,-75.712254,2.185838399,1.497288719
386,-75.712054,2.327943515,2.216067917
779,-75.71113,2.230349586,1.662585119
837,-75.710741,2.349304207,2.324770151
363,-75.710656,2.352467815,2.352485244
626,-75.710477,2.242188575,1.696551091
327,-75.710463,2.253520617,1.747935688
471,-75.710257,2.320012476,2.081492227
359,-75.710077,2.150588368,1.287061897
945,-75.709781,2.168917159,1.352076789
528,-75.709737,2.33296421,2.141071696
584,-75.70972,1.018931648,0.511321526
414,-75.709689,2.364000786,2.41288245
843,-75.709369,2.065088061,1.07006855
701,-75.708907,2.336511853,2.127729221
438,-75.708879,2.098051232,1.123523463
950,-75.708355,2.166327111,1.30556239
201,-75.708242,2.281076833,1.807728828
97,-75.70776,2.258693004,1.689021636
19,-75.707578,2.203729233,1.437980018
217,-75.707089,2.188782735,1.361395557
444,-75.706645,2.382031203,2.366421909
218,-75.706383,2.100394768,1.112378613
173,-75.706301,2.230027579,1.515624294
840,-75.70609,2.192243316,1.349357906
185,-75.705763,2.182420466,1.305216875
294,-75.705067,2.245699039,1.547845009
648,-75.705044,2.282644665,1.714342634
858,-75.704572,2.39624985,2.359655345
304,-75.704536,2.395287115,2.347184348
66,-75.70432,2.388255891,2.270898545
268,-75.704211,2.370086666,2.136872669
377,-75.704046,2.321677919,1.866636644
191,-75.703927,2.217643682,1.393832666
369,-75.70345,2.384378547,2.19632854
873,-75.703395,2.402982909,2.34221879
677,-75.703197,2.410217508,2.403849504
195,-75.703038,2.299745727,1.729700092
344,-75.70239,2.141951319,1.160634074
785,-75.702258,2.190381204,1.265450045
878,-75.702252,2.389095889,2.171302643
535,-75.701971,2.235561369,1.413539045
138,-75.701873,1.229120172,0.507275464
740,-75.70171,2.255654963,1.490051446
206,-75.701659,0.782774696,0.600634851
2,-75.701596,2.16204438,1.192040226
151,-75.701542,2.238291623,1.413014999
568,-75.701302,2.31467868,1.743125753
93,-75.701049,2.430427403,2.460225876
188,-75.700772,2.165854634,1.193056703
144,-75.700729,2.198045302,1.263797907
661,-75.700378,2.373242702,2.000567651
678,-75.700118,2.224314339,1.329587259
0,-75.700003,2.218272009,1.308785966
887,-75.699833,2.24329609,1.388887809
149,-75.698958,2.441180565,2.399755103
15,-75.698863,2.377834811,1.96840402
439,-75.698787,2.28703609,1.53818662
783,-75.698487,2.299092706,1.581982071
131,-75.698441,2.23542153,1.332701548
810,-75.697462,2.29784691,1.544766785
552,-75.697456,2.307903527,1.588784657
286,-75.697279,2.46560931,2.589528387
846,-75.697066,2.242869571,1.330659202
948,-75.696698,2.387608325,1.939409579
599,-75.69664,2.137946935,1.138199938
253,-75.696346,2.165007408,1.170467888
491,-75.696042,2.294319514,1.488105518
747,-75.695789,2.143474501,1.143677811
105,-75.694772,1.537413744,0.538805177
580,-75.694765,2.486697737,2.678424469
99,-75.69426,2.241178519,1.288320284
544,-75.694021,2.248619434,1.302392935
370,-75.693828,2.368566667,1.746478187
794,-75.693747,1.287950024,0.503574486
842,-75.693452,2.48448834,2.416122992
606,-75.693262,0.670353175,0.854609489
156,-75.693064,2.493096381,2.479605526
428,-75.692937,2.501515256,2.623085697
408,-75.6923,2.451742651,2.114435628
543,-75.692073,2.488645484,2.356308626
312,-75.691941,2.480451554,2.283562549
210,-75.691808,2.395598407,1.804319187
811,-75.691527,2.41628418,1.894778414
111,-75.690602,2.477697292,2.195536807
489,-75.690158,2.51277217,2.443198719
667,-75.689986,2.364538295,1.601936125
985,-75.68953,2.529385178,2.614114263
318,-75.688726,2.333926792,1.451849259
167,-75.688602,2.221277163,1.224744151
518,-75.688196,2.388971587,1.650992806
419,-75.688065,2.543507472,2.705301141
334,-75.68791,2.392830494,1.658674101
434,-75.687748,2.458175906,1.963909057
401,-75.687723,2.430826155,1.827445703
591,-75.687586,2.380255941,1.594589711
567,-75.687288,2.492571969,2.132596778
225,-75.687188,2.354615302,1.486683968
374,-75.68714,2.517274114,2.283259724
385,-75.686649,2.238269155,1.241832038
642,-75.686588,2.26584203,1.278704072
952,-75.686371,2.553514653,2.571374941
72,-75.686323,2.535514499,2.373349905
875,-75.685137,0.691340433,0.755253332
513,-75.68513,2.437051273,1.764132905
433,-75.684705,2.4605908,1.860295967
926,-75.684517,2.571813635,2.620524256
657,-75.684511,2.253841439,1.256784481
214,-75.684316,2.576268411,2.710253296
708,-75.684316,2.427555781,1.69316599
193,-75.684007,2.289165353,1.302056072
323,-75.683353,1.513070476,0.519675154
532,-75.682398,2.463152723,1.787983036
27,-75.682374,0.80081145,0.557547289
326,-75.682074,2.584130302,2.504574498
503,-75.681603,2.425171622,1.599552874
273,-75.681267,2.456902548,1.720068641
298,-75.681096,2.512327817,1.978193889
475,-75.681093,2.605402744,2.755642114
96,-75.680862,2.390677764,1.472334938
141,-75.680486,2.602771502,2.566158898
649,-75.680468,2.538048996,2.088472817
154,-75.680382,2.469070161,1.743711404
413,-75.680154,2.498874498,1.874166416
793,-75.679959,2.502511939,1.884358247
506,-75.679011,2.616248873,2.57637384
507,-75.678886,2.568931141,2.193050206
570,-75.678846,2.483367747,1.754116121
936,-75.678717,2.625810475,2.699182589
487,-75.678602,2.539976244,2.018616685
799,-75.678521,2.579777761,2.241646114
384,-75.678145,2.579552445,2.221009414
227,-75.678129,2.464677249,1.652498092
623,-75.678041,2.628157199,2.625218136
676,-75.67788,2.630711875,2.643809178
483,-75.677442,2.625945853,2.531375836
127,-75.676876,0.667660096,0.826065375
741,-75.67683,2.640265144,2.647479184
135,-75.676607,2.646714535,2.764198225
309,-75.676526,2.407323482,1.454121847
628,-75.676462,2.505592565,1.769445705
573,-75.676286,2.520163975,1.829073662
990,-75.676155,2.558020396,2.009369639
835,-75.675492,2.657251103,2.773023156
494,-75.675358,2.640692669,2.498584754
219,-75.675152,2.638187698,2.460154127
627,-75.674799,2.525393788,1.798513771
50,-75.674756,2.478521102,1.612379872
392,-75.674616,2.496126498,1.671150949
756,-75.674441,2.399148418,1.422107285
561,-75.673992,2.436536274,1.487298563
563,-75.673886,2.514047337,1.719140487
279,-75.673859,2.552120049,1.886746073
966,-75.673799,2.588582805,2.067978467
827,-75.673706,2.444446717,1.500961609
771,-75.673505,2.416497535,1.444785221
651,-75.673256,2.364654486,1.369034272
278,-75.673223,2.465801689,1.544750455
762,-75.673149,2.604268823,2.123787207
29,-75.672888,2.678818672,2.696302927
833,-75.672868,2.645098824,2.361322889
365,-75.672751,2.470761653,1.549835844
345,-75.672493,2.495094841,1.613635109
774,-75.672005,2.459160806,1.512439046
94,-75.671892,2.640319267,2.273480995
782,-75.671873,2.692263183,2.813521467
277,-75.671555,2.681119189,2.565905319
925,-75.670749,2.677859092,2.469750051
905,-75.670635,2.531165172,1.688332056
631,-75.670194,2.701102376,2.654614481
451,-75.669738,2.422931051,1.434148137
829,-75.669143,2.661480462,2.25714161
994,-75.669002,2.636776004,2.108544923
800,-75.668294,2.463248599,1.486926919
40,-75.667981,2.488964566,1.529621067
862,-75.667877,2.494904701,1.540151119
457,-75.667796,2.669208237,2.232581603
162,-75.667068,2.514930997,1.572503074
970,-75.665283,2.74241508,2.601233644
722,-75.665147,2.734659627,2.51871699
502,-75.665109,2.694642821,2.241825581
660,-75.664649,2.618068655,1.837919878
207,-75.664618,2.761831957,2.77017107
190,-75.664406,2.641853834,1.933356067
314,-75.664304,2.739977078,2.497961647
271,-75.66411,2.678626137,2.10267591
705,-75.66399,2.482150851,1.492902156
896,-75.663791,2.766164834,2.709880789
100,-75.66375,2.769405301,2.752101692
482,-75.663639,2.535527923,1.575821007
255,-75.663461,2.777618596,2.919021593
903,-75.663052,2.519348034,1.54288059
57,-75.662996,2.735326259,2.375989003
301,-75.6629,2.783310319,2.890202818
291,-75.662405,2.788099881,2.871103785
559,-75.662227,2.734366916,2.323760838
724,-75.661803,2.779769299,2.641634599
777,-75.66169,2.702283276,2.112415419
13,-75.661677,2.44021651,1.440223808
472,-75.661573,2.777235778,2.595071977
56,-75.661552,2.687955846,2.03302106
319,-75.661474,2.797886923,2.875083517
859,-75.661254,2.632070685,1.783766265
522,-75.661206,2.800606449,2.872333978
313,-75.661088,2.789856171,2.674689787
348,-75.660863,2.781305361,2.569996014
357,-75.660189,2.78879782,2.578246939
549,-75.660151,2.571501243,1.609194409
64,-75.660098,2.8112302,2.845277006
356,-75.65951,2.726262674,2.133291862
198,-75.659148,2.823753992,2.975036909
12,-75.658882,2.488009265,1.488691406
303,-75.658571,2.828507411,2.877460717
260,-75.658438,2.831544659,2.953775407
949,-75.658046,2.729474578,2.079912372
445,-75.657995,2.787983422,2.411959693
120,-75.657676,2.701454474,1.933831501
495,-75.657592,2.756830182,2.201208908
274,-75.656996,2.518946864,1.520522707
988,-75.656737,2.781278922,2.293987454
146,-75.656499,2.798073697,2.383037224
7,-75.656123,2.760687221,2.147069615
691,-75.656036,2.658874859,1.742984084
924,-75.655919,2.577153655,1.589506516
400,-75.655829,2.845467076,2.702635173
36,-75.655325,2.829113089,2.516706354
34,-75.655273,2.813634659,2.405932251
962,-75.655156,2.806007572,2.35042645
10,-75.655043,2.694399929,1.822493615
817,-75.655025,2.823880934,2.45803123
237,-75.654902,2.705452526,1.855144568
342,-75.654773,2.86584731,2.81776557
169,-75.654655,2.601431472,1.61771991
996,-75.65437,2.819434165,2.385825017
395,-75.654341,2.877169652,2.971978333
102,-75.654269,2.849442183,2.591917582
516,-75.653646,2.881570869,2.877259577
919,-75.653627,2.870241655,2.722214385
714,-75.653556,2.886503504,3.020048093
571,-75.653545,2.880506105,2.839962574
86,-75.653132,2.755712462,1.98807474
977,-75.653096,2.655226877,1.693820465
583,-75.652973,2.758586506,1.994038995
974,-75.652697,2.865617857,2.592154259
181,-75.652686,2.653694283,1.68708131
709,-75.652621,2.889369411,2.82287435
437,-75.652511,2.54806792,1.54813634
21,-75.652385,2.873739815,2.632520185
828,-75.651982,2.737808251,1.880009048
902,-75.651911,2.788748689,2.084913248
531,-75.651857,2.765617286,1.979714367
121,-75.651395,2.91031487,2.962503779
62,-75.651096,0.69554409,0.678291664
452,-75.651087,2.822094142,2.212123267
969,-75.650725,2.619092265,1.625177003
441,-75.650626,2.918551643,2.94780659
26,-75.650438,2.906364118,2.743946498
891,-75.650378,2.784668809,2.001003343
720,-75.650347,2.842685195,2.284045778
602,-75.650338,2.904655135,2.716091945
618,-75.650146,2.863198759,2.392794001
461,-75.650016,2.920342802,2.855696076
251,-75.649562,2.748557161,1.850590303
264,-75.649052,2.820519186,2.102564263
140,-75.649014,2.861618566,2.314246922
317,-75.648984,0.689859258,0.69024039
292,-75.648888,2.765145427,1.882653774
776,-75.648844,2.94148808,3.020101012
378,-75.64879,2.848347423,2.228479984
205,-75.648678,2.900734119,2.539583122
114,-75.648571,2.94530725,3.056775883
636,-75.648167,2.808967182,2.014187337
877,-75.648073,2.785084344,1.923259942
716,-75.647827,2.921720486,2.62858148
89,-75.647798,2.90922903,2.533422103
101,-75.647698,2.948615087,2.88603689
288,-75.64758,2.936144136,2.729421622
916,-75.64747,2.92835691,2.650813874
655,-75.647434,2.768012637,1.857026106
196,-75.647341,2.801731666,1.957362595
280,-75.646877,2.824745991,2.027603983
65,-75.646543,2.942618315,2.684829705
594,-75.645927,2.825612781,1.995736853
760,-75.6459,2.94714356,2.663277147
808,-75.645746,2.843307932,2.058173947
816,-75.645742,2.976288111,2.967591434
246,-75.645655,2.964172999,2.792957137
888,-75.645655,2.954716017,2.703975729
615,-75.645588,2.894164343,2.296243725
992,-75.645532,2.709335929,1.72323625
555,-75.645423,2.983831199,3.074091187
328,-75.645337,2.923144767,2.450388812
788,-75.645332,2.899782735,2.312306188
381,-75.645165,2.75001301,1.784446008
600,-75.644886,2.834812734,1.993282528
455,-75.644808,2.872026499,2.142738951
596,-75.644777,2.981827438,2.878600853
478,-75.644724,2.937109492,2.497171634
187,-75.64456,2.950554669,2.576597535
310,-75.644546,2.982601407,2.85527602
759,-75.644546,2.815090474,1.920437548
820,-75.644157,2.968702706,2.680115997
416,-75.644097,2.916593768,2.332333855
340,-75.644055,2.83310735,1.961608844
812,-75.643853,2.97855135,2.734302131
719,-75.643181,2.838689446,1.954477877
448,-75.643147,2.922124451,2.306268697
597,-75.64276,2.790151882,1.831269921
79,-75.642748,2.954951001,2.471928279
763,-75.642748,2.989273563,2.717570686
890,-75.642695,2.795955677,1.841561877
529,-75.642266,2.77057937,1.793041563
939,-75.642081,2.982434836,2.605581615
9,-75.641855,2.996990817,2.696264074
646,-75.641654,2.788423569,1.816704709
284,-75.641641,2.818033325,1.871506297
622,-75.64163,3.021926297,2.913048669
17,-75.641545,3.009448561,2.771584861
239,-75.641225,3.028970635,2.94073343
500,-75.641105,2.922865543,2.198214498
486,-75.641073,3.026628958,2.888573498
24,-75.640953,3.027435092,2.881199965
587,-75.640806,2.77044736,1.783441217
174,-75.640618,2.930719122,2.210519525
640,-75.640541,2.821039084,1.862660333
598,-75.6405,2.95624727,2.333665341
814,-75.640483,2.724075234,1.725422812
614,-75.640398,2.909946329,2.109104464
942,-75.640383,2.959336651,2.34338674
989,-75.640343,3.04434404,3.008341508
233,-75.640328,3.037639437,2.911703857
993,-75.640088,3.026509097,2.770202757
424,-75.639773,2.966119293,2.343162321
391,-75.639649,2.876942762,1.973894034
116,-75.639217,2.896673597,2.01990691
380,-75.639169,2.810502354,1.831399324
113,-75.639123,3.057186252,2.971226982
80,-75.639051,2.725122785,1.725260615
257,-75.638637,2.753146326,1.754837512
624,-75.638624,2.942229731,2.165223727
904,-75.63845,3.041731773,2.73349889
928,-75.638443,2.937036155,2.135685224
754,-75.638413,2.912080537,2.044179311
781,-75.638362,2.751861814,1.753020093
333,-75.637795,3.066027236,2.880417854
845,-75.637751,2.974413393,2.26854205
139,-75.637703,3.02403586,2.544059135
11,-75.637668,2.795744364,1.80268981
792,-75.637598,2.903292778,1.995800329
907,-75.637347,2.950524512,2.142966844
330,-75.637123,3.033616643,2.561576845
469,-75.636964,3.028510187,2.517146788
806,-75.63677,2.953521382,2.130798573
866,-75.63664,2.819556114,1.829085203
493,-75.636616,2.807600549,1.813712448
986,-75.636529,2.993758163,2.295544367
477,-75.63628,2.985505705,2.242578051
241,-75.636267,3.093960392,2.977929971
88,-75.63625,3.094064045,2.97640997
262,-75.63613,2.95842841,2.123885745
768,-75.636089,3.086469039,2.871419358
250,-75.636001,2.93403058,2.040196913
231,-75.635661,3.09653452,2.918260789
137,-75.635622,2.983213449,2.199890107
517,-75.635263,3.033093075,2.425101152
77,-75.634667,2.830686708,1.835531868
350,-75.634561,3.116687689,2.984900359
254,-75.634367,3.113628374,2.922979585
456,-75.634302,3.098361512,2.778044646
248,-75.634277,2.937322048,2.008062452
296,-75.634149,2.962443311,2.070788828
28,-75.633887,2.816681694,1.817767798
610,-75.633789,3.128108584,3.000053218
639,-75.633775,2.936317919,1.996279771
48,-75.63369,3.123484136,2.933713202
854,-75.633635,2.915402676,1.952558005
545,-75.633575,2.820532994,1.821542306
308,-75.633261,3.096391424,2.665962462
659,-75.633057,3.116206024,2.79405404
870,-75.632847,2.911318563,1.937000717
1,-75.632519,3.081224913,2.510211338
612,-75.632391,2.909345733,1.929874762
534,-75.632353,2.953443211,2.008355745
476,-75.632335,2.952465381,2.006015909
213,-75.632264,3.144240446,2.953729166
608,-75.63179,3.117818612,2.685084896
364,-75.631298,2.972047386,2.02964028
735,-75.631207,3.074116629,2.382325555
212,-75.630685,2.909210275,1.918593867
679,-75.630507,2.885041733,1.888110114
662,-75.630182,3.133975647,2.654007791
499,-75.630116,2.994421564,2.056663925
256,-75.629988,3.006257138,2.081546536
119,-75.629134,2.929016256,1.936920295
901,-75.629086,3.076869529,2.276419579
674,-75.628942,3.120478477,2.476749467
436,-75.628448,3.120525542,2.443165499
595,-75.628246,3.162230267,2.672245172
514,-75.628207,3.102655597,2.355111835
832,-75.627755,3.195329171,2.863514713
252,-75.627271,3.137541783,2.452688819
984,-75.627131,3.19849563,2.820919761
910,-75.627111,2.91244869,1.912736619
136,-75.62678,3.003854198,2.02713888
25,-75.626582,2.987449471,2.001018327
620,-75.626087,2.970664385,1.976321048
485,-75.625996,3.203773299,2.745865138
69,-75.625111,3.242905547,2.94939119
148,-75.624095,3.226600875,2.720518188
454,-75.624044,3.204902901,2.583575547
915,-75.623171,2.997199376,1.998764643
577,-75.622997,3.237018649,2.687317573
133,-75.621602,3.29405838,2.943680453
972,-75.621581,3.293903902,2.939974306
440,-75.621247,3.24820876,2.604836684
869,-75.621209,3.249855737,2.610983399
868,-75.621061,3.252105734,2.611623959
498,-75.62078,3.292305316,2.837852761
418,-75.62057,3.304962362,2.906709517
865,-75.619664,3.317642371,2.897796559
59,-75.619639,3.272785371,2.611160677
474,-75.61921,3.215416649,2.336871034
956,-75.618774,3.275650289,2.559093749
290,-75.618674,3.246393912,2.421422192
786,-75.618462,3.242336485,2.395233993
937,-75.617948,3.300362641,2.623848617
586,-75.617594,3.350344946,2.899869524
550,-75.617345,3.265268275,2.42345227
220,-75.616795,3.340983847,2.754933586
900,-75.616389,3.340468341,2.713812952
537,-75.615896,3.315742961,2.545491972
955,-75.615876,3.279776542,2.403894791
601,-75.615222,3.299079124,2.438603098
755,-75.614945,3.315193695,2.483266647
224,-75.613497,3.414838137,2.881374238
860,-75.613435,3.35404068,2.548487175
132,-75.612393,3.440253442,2.924364503
266,-75.610654,3.429427131,2.687118242
235,-75.610625,3.463398175,2.873617741
753,-75.610419,3.416609727,2.609955561
464,-75.610345,3.418071092,2.610983721
432,-75.609334,3.440898724,2.636601606
78,-75.609248,3.520055193,3.086706102
20,-75.60889,3.464346253,2.709022141
336,-75.60839,3.534546934,3.074076776
702,-75.608287,3.237693681,2.419013099
680,-75.607797,3.514910411,2.873864506
197,-75.607382,3.550866931,3.052739091
805,-75.607045,3.547674789,2.98779089
941,-75.606722,3.573345857,3.120471217
849,-75.606064,3.517278159,2.719770881
864,-75.605987,3.567751177,2.984305692
32,-75.604518,3.609151165,3.060751563
886,-75.604498,3.618306087,3.119904956
585,-75.604118,3.630016415,3.146539555
403,-75.60373,3.588932612,2.848981448
826,-75.601709,3.675516997,3.104821282
923,-75.601608,3.656531393,2.976215689
764,-75.601488,3.67141037,3.048575422
780,-75.60096,3.671552042,2.981748882
801,-75.600831,3.670997291,2.963102278
38,-75.600785,3.685917263,3.042641955
407,-75.600372,3.721596505,3.211950272
267,-75.599676,3.693336031,2.946956573
839,-75.599442,3.715545264,3.039034486
49,-75.598637,3.747599558,3.118059404
938,-75.597861,3.746995363,3.010430244
481,-75.596534,3.823518351,3.272434045
488,-75.595999,3.838713854,3.281979289
541,-75.59562,3.830548021,3.169478528
208,-75.595462,3.843871577,3.225332029
161,-75.595002,3.856270542,3.227411733
798,-75.590779,4.008246629,3.426000735
346,-75.590628,4.010335194,3.409403814
947,-75.590343,4.023782522,3.438714845
112,-75.589513,4.041858431,3.387592298
912,-75.589403,4.05702281,3.459875154
796,-75.587833,4.115967427,3.500986698
744,-75.584134,3.78743588,3.099605547
895,-75.580422,3.808107666,3.241891731
861,-75.524845,3.577715732,2.806590789
417,-75.510431,3.075878706,2.145058464
276,-75.50803,3.09492779,2.168740654
390,-75.506614,0.618773735,0.706435372
592,-75.505648,3.069187794,2.182087925
305,-75.500078,0.608616043,0.745109044
397,-75.49813,0.616709364,0.701886344
663,-75.487478,0.579661465,0.918462527
339,-75.468902,0.619914726,0.644493807
270,-75.421481,3.198376543,2.666863422
203,-75.410883,3.254028675,3.009121901
265,-75.408168,3.161781407,2.466465014
14,-75.388225,4.07434643,3.456767397
505,-75.378949,0.60925399,0.573817414
823,-75.370058,0.548990843,0.927015073
509,-75.362598,3.052108181,2.345829139
263,-75.358085,3.81774791,3.109209401
6,-75.344786,4.078969456,3.470747156
980,-75.344536,3.490122062,2.942773863
635,-75.335412,0.582210869,0.628868425
546,-75.333267,3.434079615,2.737092399
665,-75.324656,3.140738224,2.404117425
789,-75.323556,3.088305765,2.245744086
804,-75.320705,4.092804826,3.431770876
200,-75.307629,0.526566325,1.060158523
761,-75.307438,3.139936777,2.256759394
515,-75.303061,3.033898195,2.338097572
933,-75.301233,3.015172128,2.386205138
880,-75.300336,3.42997309,3.027076048
987,-75.299538,3.128893041,2.197137606
192,-75.29558,3.049323743,2.471774118
393,-75.294587,3.111413034,2.2406073
402,-75.289384,3.259266384,2.795845017
670,-75.288875,3.731961824,3.10389772
179,-75.288872,3.046469712,2.200313093
484,-75.28878,3.309595757,2.831928331
668,-75.287089,3.089275346,2.589219219
565,-75.286186,3.407206327,3.001555422
420,-75.284012,0.523966431,1.025691387
704,-75.265917,3.056621131,2.137805122
269,-75.262896,3.152586744,2.497573057
240,-75.260532,3.388021013,3.012926216
104,-75.249629,3.021744147,2.239799922
479,-75.247138,3.151661914,2.352903062
645,-75.245324,3.29742055,2.461797775
893,-75.243847,3.350495208,2.64292303
616,-75.230876,3.411196552,2.671911285
110,-75.229483,3.647982628,2.91133084
352,-75.219361,3.779760891,3.085651373
706,-75.217102,3.172972333,2.472272118
371,-75.211978,3.054785555,2.096337947
643,-75.211135,3.063813153,2.204556426
293,-75.203903,3.007977144,2.319578948
807,-75.20181,3.503360445,2.830817622
784,-75.199255,3.528671834,2.888134157
209,-75.188811,3.950469026,3.257835404
967,-75.179651,3.252723379,2.593746206
960,-75.177,3.444264881,2.790124472
166,-75.174491,3.345916425,2.92291716
557,-75.146074,3.379245759,2.696377551
725,-75.143109,3.706247363,2.994000921
275,-75.138767,3.736894449,3.117872692
70,-75.136848,3.443893807,2.736289194
194,-75.135055,3.508684522,2.744895093
396,-75.134187,3.231296352,2.93933872
463,-75.134083,3.11485243,2.188514031
582,-75.131512,3.63704573,2.924472883
564,-75.129491,3.444031673,2.619956902
159,-75.124676,3.856276669,3.169869989
588,-75.124046,3.425402664,2.616174193
230,-75.120414,3.315671418,2.518687545
613,-75.111729,3.085374998,2.41853941
221,-75.110678,3.506515014,3.064230334
153,-75.10712,3.54408047,2.90103264
883,-75.1066,3.460677308,2.903539466
300,-75.105892,3.437945029,2.764117585
790,-75.104562,3.877170332,3.26421779
82,-75.103939,3.244337393,2.633362702
961,-75.101166,3.139461527,2.391485454
501,-75.100906,0.536124428,0.594960001
630,-75.100487,3.821664315,3.137901869
460,-75.096668,3.078683676,2.269153846
351,-75.094399,3.668001554,3.166063076
47,-75.093964,3.496816027,2.872514634
973,-75.086745,3.445740964,2.913871444
329,-75.08671,3.198127883,2.923813256
222,-75.078187,3.788261302,3.088449723
946,-75.076083,3.26276674,2.667073453
746,-75.074132,3.555818907,2.783708335
863,-75.071301,3.958675074,3.374355397
672,-75.070913,0.524270786,0.63138408
767,-75.065805,3.437610099,2.634875555
590,-75.057326,3.523624417,2.972016661
335,-75.044133,3.431001907,2.728442429
512,-75.034765,3.865993162,3.273133533
791,-75.026392,3.617306667,3.14806568
76,-75.02259,3.080481212,2.250542268
504,-75.022461,3.517214979,3.033844295
343,-75.022403,3.105904361,2.592373797
940,-75.016988,3.652608133,3.031099169
45,-75.000851,3.28977557,2.51533801
696,-74.999785,3.449756749,2.805274251
223,-74.97691,3.694795432,3.063714296
84,-74.89063,0.510257796,0.543498867
297,-74.879672,0.50293423,0.573772464
