num,energy,xmod,ymod
0,-0.967458,1.385719,0.594712
1,-0.854937,-0.616977,1.514911
2,-0.899938,-0.475668,-0.510248
3,-0.907874,-1.890302,0.374773
4,-0.896477,-1.285742,1.572694
5,-1.006884,0.967343,-0.242555
6,-0.831092,-2.620539,-0.905084
7,-0.930852,-0.340871,-0.866084
8,-0.846442,-0.167537,0.452625
9,-0.808293,0.657539,-2.226912
10,-0.926264,1.814525,-0.625917
11,-0.891135,-1.954556,0.004538
12,-0.897743,-0.405871,1.959985
13,-1.124582,0.128821,-0.551902
14,-1.111521,0.194448,-0.793336
15,-1.026375,-0.286719,-0.621666
16,-0.885877,-0.169373,0.290395
17,-0.804693,0.459281,-2.376294
18,-0.894936,1.308278,-1.308645
19,-0.874645,1.464279,-1.420609
20,-0.916187,0.632027,0.560672
21,-1.007612,-0.420238,0.307307
22,-1.112077,0.462503,-0.39325
23,-0.999136,1.181706,-0.872655
24,-1.05656,-1.038135,-0.551512
25,-0.951954,0.268287,-1.074701
26,-0.863515,0.140138,0.298416
27,-0.939466,0.867309,1.131624
28,-0.960184,-0.565993,-1.172384
29,-0.888163,-1.669108,0.086704
30,-0.894906,-0.381107,1.188162
31,-1.104459,0.352309,0.410038
32,-0.922752,1.324486,-0.233717
33,-0.862707,1.4767,0.069681
34,-0.937102,-1.313121,1.09055
35,-0.948183,0.071515,-0.739361
36,-0.94039,1.318677,0.860208
37,-0.853587,-1.449553,1.949357
38,-0.985724,-0.639507,-0.082883
39,-0.918037,-0.403479,-1.806319
40,-0.852518,-0.949331,-1.502243
41,-0.962532,-0.929085,-1.347798
42,-0.89994,-0.919893,-1.69735
43,-0.853489,1.15651,-2.20434
44,-0.975571,0.767606,0.808268
45,-0.8557,-1.038794,-1.277404
46,-0.898219,-1.174271,-1.780646
47,-0.8337,-1.456562,1.425487
48,-0.778034,1.22515,2.382468
49,-0.943909,1.688317,-0.267698
50,-0.919168,-0.528109,1.73704
51,-0.966341,-0.989254,0.702287
52,-0.878088,1.939734,0.617873
53,-0.849933,-0.338612,2.507109
54,-0.88477,-1.378724,-0.10124
55,-0.883615,0.081372,2.237634
56,-0.836136,0.807024,-1.177063
57,-0.803815,2.465202,-0.138191
58,-0.978266,1.54569,-0.393824
59,-0.976902,-0.41823,1.26291
60,-0.925711,1.822988,-0.640355
61,-0.947669,0.190681,1.036648
62,-0.850506,0.913943,-0.534726
63,-0.842114,0.229346,2.40343
64,-0.921832,-1.948631,0.066581
65,-0.996923,-0.352905,-0.29597
66,-0.959443,-0.703977,-1.536734
67,-0.861811,0.325091,-1.107696
68,-0.991809,-1.055357,-0.947685
69,-1.121569,-0.63703,0.13882
70,-0.885317,-1.772975,-1.247724
71,-0.834921,1.318265,-2.386238
72,-0.8479,-2.287505,-1.211627
73,-1.071866,-0.104916,0.39549
74,-1.093057,-0.772915,0.59145
75,-0.999373,0.058101,0.974338
76,-1.058574,-0.549195,-1.049565
77,-1.042962,1.020987,0.678273
78,-1.099716,0.177106,0.448276
79,-0.894289,-1.651726,-1.005961
80,-0.844795,0.989716,-1.745789
81,-0.87396,-1.441368,1.323176
82,-0.898617,0.136095,-0.909121
83,-1.108618,-0.795568,0.455546
84,-0.892133,1.743076,0.022785
85,-1.041033,0.440413,-0.371094
86,-0.885049,1.465906,0.302843
87,-0.800564,-2.009781,2.054662
88,-0.828146,2.390047,-1.296068
89,-0.820744,-0.993427,1.806523
90,-0.815648,0.574242,1.965024
91,-0.894727,1.718815,-0.431995
92,-0.825428,-0.547997,-2.696601
93,-0.757721,2.715278,2.606981
94,-0.859713,-0.157404,0.928388
95,-1.111937,0.329186,-0.805018
96,-1.126748,0.456989,-0.37586
97,-0.865388,-1.146745,2.126606
98,9999,-0.223089,-0.213697
99,-0.979264,0.671381,-1.429419
100,-1.094438,0.766954,-0.333937
101,-0.943019,1.419285,-0.355967
102,-0.972743,1.622905,0.193127
103,-0.885826,1.963435,1.035371
104,-1.039316,0.656679,-1.100825
105,-0.864704,-1.250747,-0.377009
106,-0.921803,0.757855,1.584347
107,-0.781475,2.594667,-0.928242
108,-0.943884,-0.569682,-0.280103
109,-0.84772,0.637586,2.225725
110,-0.968817,0.050877,-1.632428
111,-0.95554,0.320214,1.42632
112,-0.812983,-2.595466,-0.140055
113,-0.974936,0.473439,-1.232758
114,-0.963491,-0.900658,-1.425213
115,-0.951439,-1.392575,-0.698545
116,-0.820045,2.382588,1.713693
117,-1.096317,0.940361,0.310666
118,-0.800694,-1.153037,-2.406138
119,-0.795039,1.518864,1.865698
120,-0.825561,0.82958,-1.601514
121,-0.87225,0.162227,-0.30645
122,-1.081101,0.281255,-0.92904
123,-1.101747,-0.277624,0.433353
124,-1.071779,-0.027894,-0.149392
125,-0.845319,-2.44081,-0.954749
126,-1.102334,0.393244,0.869151
127,-0.874612,1.954294,1.239509
128,-0.934586,1.16323,1.295238
129,-0.783486,1.446669,2.145983
130,-1.039412,-0.98108,0.345533
131,-0.784569,2.49017,-2.481747
132,-0.789493,-2.209921,2.193251
133,-0.861324,-0.051102,1.855032
134,-1.033215,-0.10744,-1.276527
135,-0.872258,2.084852,1.079658
136,-0.944773,-1.709758,-0.331109
137,-1.111167,0.899112,0.033796
138,-1.039691,-0.481883,1.058988
139,-0.89941,-1.525661,0.206404
140,-0.949946,0.682747,-0.327873
141,-0.957446,0.493573,0.796454
142,-0.838305,-1.295129,-0.688884
143,-1.002891,-0.766569,1.251418
144,-0.810326,-1.55934,0.635045
145,-0.844643,0.432377,2.503165
146,-0.831084,0.822865,-2.477608
147,-1.033616,-0.026426,0.207007
148,-0.954495,-0.454317,1.063688
149,-0.924542,-0.340299,1.202993
150,-0.931276,1.087645,1.541519
151,-0.948126,-1.046673,1.402644
152,-1.032089,-0.669867,0.65258
153,-0.908947,-1.525526,0.902846
154,-1.091449,1.015656,0.008316
155,-0.805139,-0.191949,-1.824003
156,-0.855244,-0.543988,1.896706
157,-0.909993,1.679714,1.162567
158,-0.957407,-1.350179,0.672695
159,-0.912522,-0.660106,1.853062
160,-0.85404,0.307426,1.162759
161,9999,0.046917,0.236393
162,-0.854397,-2.149518,-1.267098
163,-0.872351,1.995375,1.132362
164,-0.85552,0.651738,1.085948
165,-0.941363,-0.238298,0.662464
166,-0.935649,-1.744612,0.596663
167,-0.972278,-0.681704,0.056341
168,-0.809186,-2.263007,-0.203936
169,-0.861671,0.536705,-1.402948
170,-0.997896,0.234652,-1.478702
171,-0.781374,-1.606796,-2.686458
172,-0.886403,-2.141889,0.502463
173,-1.089449,0.324549,0.167992
174,-1.07779,0.284304,0.922842
175,-0.932483,-1.482954,0.86582
176,-0.984789,-1.020503,1.182763
177,-0.932279,0.390879,0.139937
178,-0.944404,-1.078508,-0.185453
179,-0.808512,1.790237,2.530252
180,-0.926822,-1.442004,0.270454
181,-0.85958,-0.813901,0.72335
182,-0.853642,0.683604,-1.803512
183,-0.860762,0.801202,-2.126177
184,-1.056541,1.071916,-0.452733
185,-0.895038,1.205621,0.399581
186,-0.897579,0.491692,-1.071349
187,-0.802443,1.214676,-1.044976
188,-0.89819,-2.010642,-0.716871
189,-1.091153,-0.870921,-0.401464
190,-0.960546,0.328658,1.627341
191,-0.907919,-0.433594,1.57291
192,-0.76889,2.800315,2.499855
193,-0.865221,-0.814862,0.346231
194,-0.973796,0.026966,-1.588444
195,-1.106212,-0.438057,0.592378
196,-0.930097,1.480222,-0.76561
197,-0.821782,-0.730228,2.815261
198,-0.826951,0.722719,-0.983039
199,-0.826442,-2.249526,-1.728536
200,-0.829145,-1.076361,-1.792931
201,-0.973795,-1.145576,-1.162903
202,-0.987256,1.297427,0.846155
203,-0.93558,0.382195,-0.675844
204,-0.853478,1.798774,0.047915
205,-1.065986,-0.415341,0.097752
206,-0.985784,-1.512995,0.3006
207,-0.985726,-1.45894,-0.468638
208,-0.879421,-1.927593,1.074931
209,9999,-0.286002,-0.177049
210,-0.859576,0.78814,-1.532534
211,-0.871461,0.27842,-2.343689
212,-0.857774,-0.623847,-2.296069
213,-0.853492,0.344016,0.16716
214,-1.096312,0.859067,-0.347889
215,-0.814955,-1.058495,-1.631243
216,-1.126633,-0.160269,0.50202
217,-0.829876,1.019264,-2.582732
218,9999,0.188194,-0.17935
219,-0.944254,0.223898,1.632538
220,-0.880218,-0.187511,1.387273
221,-0.945355,0.388126,1.394534
222,-1.084354,0.608563,-0.77367
223,-1.033463,0.494486,1.171884
224,-0.870888,-0.252405,1.089739
225,-0.931963,-1.176345,1.479019
226,-0.831191,1.441446,2.382799
227,-1.092734,0.327987,0.908272
228,-0.789519,-2.433185,2.406906
229,-0.935464,0.697047,-0.693516
230,-0.910807,1.311595,0.125456
231,-1.007744,-0.298739,-1.412346
232,-0.814915,0.641864,2.2798
233,-0.845524,-0.774121,-2.444301
234,-0.861236,-0.996806,1.497941
235,-1.125235,0.492357,-0.409027
236,-0.974828,-0.399238,0.52126
237,-1.122242,-0.230853,0.731154
238,-1.026783,0.966204,0.899058
239,-0.982775,-0.551619,-1.416132
240,-0.84014,-2.595783,-0.509263
241,-0.966503,0.058972,1.140722
242,-1.060146,-1.012946,0.444969
243,-0.832722,-1.584567,-0.677361
244,-0.885414,-0.255012,2.198869
245,-0.935803,0.150697,0.378484
246,-0.917628,-1.16227,0.595947
247,-0.919354,-0.523428,-1.869892
248,-1.029461,0.340192,1.252342
249,-0.997976,1.255782,-0.322906
250,-0.788385,0.91816,2.135945
251,-0.839706,0.10035,-1.442112
252,-0.819527,-2.220234,1.646966
253,-0.852311,1.38138,-1.941051
254,-0.838057,1.735196,-1.17762
255,-1.024869,0.211504,1.328321
256,-0.844218,-0.043974,-1.832054
257,-0.905082,0.572471,0.549858
258,-0.845965,2.429092,-0.666407
259,-1.1151,0.559414,-0.248167
260,-0.996158,-0.038724,0.949553
261,-1.007618,-0.659564,0.720858
262,-0.910753,0.725926,-1.013951
263,-0.943822,-0.7055,-0.002531
264,-0.969127,1.266326,-0.914918
265,-0.834136,1.859672,-1.685919
266,-0.858526,-2.412584,0.445294
267,-0.962636,-0.51126,1.619204
268,-0.857356,0.212085,0.564539
269,-0.848539,-1.428533,-1.17202
270,-0.803536,1.189199,2.045569
271,-1.019227,1.208919,0.322731
272,-0.847845,1.848763,1.464504
273,-1.087474,-0.557343,-0.449105
274,-0.898791,2.125533,0.005819
275,-1.091,-0.142952,-0.793673
276,-1.126421,-0.325616,-0.26811
277,-1.115976,-0.619559,-0.597295
278,-0.815542,1.488223,-2.293116
279,-1.112959,0.556774,-0.146321
280,-0.80076,-1.971164,0.025617
281,-1.00393,-0.48675,0.41329
282,-0.913702,0.354206,-1.125494
283,-0.93721,-0.561255,1.662042
284,-0.872992,1.398236,1.460489
285,-1.014577,-0.179157,0.189182
286,-0.884391,2.196206,0.105815
287,-0.892528,0.112262,-0.594132
288,-0.858373,-1.348103,2.071684
289,-0.960712,0.597673,-1.328766
290,-0.987544,0.147523,0.093053
291,-1.062364,0.656081,-0.463701
292,-0.850494,-0.775811,0.525823
293,-0.967258,1.209193,0.927686
294,-0.801057,1.595816,-2.213928
295,-0.802019,-1.032523,2.721908
296,-0.926732,-0.529588,-1.089664
297,-0.81807,-0.170793,-1.672372
298,-1.119706,0.684337,-0.333396
299,-1.079152,-0.411226,-0.786933
300,-1.039636,-0.619113,-1.117982
301,-0.805054,-0.028592,-1.224908
302,-1.124866,0.388181,0.228278
303,-0.843766,1.545951,-1.647081
304,-0.83314,1.023282,-2.058251
305,-0.846957,1.83554,-1.82864
306,-0.935852,-0.079744,-0.851131
307,-0.807323,2.18334,-1.989938
308,-0.950162,-1.337472,-0.614816
309,-0.964759,-0.450416,1.598883
310,-1.069463,-0.605433,-0.923359
311,-0.825964,-0.777193,-2.252333
312,-1.126825,-0.695018,-0.068916
313,-0.973336,0.911366,1.28784
314,-0.957238,1.245143,1.134855
315,-0.853108,0.605866,1.544226
316,-1.126499,0.277246,0.423378
317,-0.979378,1.045707,0.29272
318,-1.042867,-0.70459,-0.522029
319,-1.007474,0.730314,-0.375119
320,-1.026587,0.179687,-1.238986
321,-0.84411,1.850854,-0.108914
322,-1.116685,0.59251,-0.212671
323,-0.84682,-0.43061,0.33368
324,-0.937115,-0.667468,0.789055
325,-0.87142,-0.899688,-1.696808
326,-0.801889,2.306776,-0.744389
327,-0.783904,2.548307,-0.804069
328,-0.796584,-0.07038,-2.466385
329,-0.89451,-0.786781,-1.475527
330,-0.843366,0.281467,1.766379
331,-0.87402,-0.359272,-0.323587
332,-0.991606,0.13762,-0.341608
333,-0.989507,-0.010941,1.543674
334,-0.815163,1.604869,1.138443
335,-1.047919,-0.018962,-0.910321
336,-1.091383,-0.508149,0.384584
337,-0.882516,-0.477936,-1.959433
338,-0.882133,0.511785,0.573831
339,-1.118285,-0.275098,-0.053706
340,-0.894661,-2.15503,0.158533
341,-0.921687,-0.466502,0.684449
342,-0.830264,1.054573,-2.588238
343,-0.821276,-2.38343,-1.041642
344,-0.869328,0.805192,2.205634
345,-1.070923,1.004136,0.502508
346,-0.882387,1.934506,0.040423
347,-1.126578,-0.719152,-0.16601
348,-1.126731,0.196042,0.479106
349,-0.831135,-1.814906,-1.967434
350,-0.844521,0.585656,-0.96274
351,-0.861014,-1.326623,2.06916
352,-0.895698,0.212293,-1.493789
353,-0.924983,-1.088998,1.148313
354,-1.090592,-0.546265,0.853263
355,-1.101484,0.546006,-0.764453
356,-0.985057,-0.192245,1.442141
357,-0.841566,-1.563308,2.15242
358,-0.810306,1.375562,-1.598216
359,-1.126742,-0.637448,0.297521
360,-0.857893,0.675171,-0.485371
361,-0.840301,-1.769911,-0.754197
362,-1.120917,-0.716656,0.415011
363,-0.981556,0.526655,-1.234568
364,-0.852469,1.687032,-1.616647
365,-0.993737,-0.128005,-1.439177
366,-1.009369,0.946708,0.676215
367,-0.950204,0.614593,0.603593
368,-0.852891,0.018229,-2.440888
369,-0.873077,-0.440002,2.018903
370,-1.122023,-0.490779,0.345466
371,-1.022506,-0.105629,-1.182859
372,-1.115182,0.18749,-0.757678
373,-1.126816,0.678817,-0.168429
374,-1.050018,1.111681,0.258791
375,-0.941165,1.217702,1.318309
376,-0.892463,-1.222851,-1.804548
377,-0.938187,-1.544599,0.434712
378,-0.794754,-2.306454,-0.148252
379,-0.89687,1.414244,-0.651724
380,-0.79333,0.97809,2.787846
381,-0.926333,-0.423227,0.339357
382,-0.866365,-1.692099,1.25091
383,-1.117853,-0.035257,0.002701
384,-0.90413,-1.20314,-0.695095
385,-0.794151,0.654438,-1.757574
386,-0.826548,-0.741198,2.161413
387,-1.050107,-1.197625,0.097788
388,-0.836604,1.635527,-0.707818
389,-0.90079,-1.418298,-1.379553
390,-0.838034,0.031169,2.59599
391,-0.884638,1.188678,-1.839128
392,-0.877134,-1.61738,0.370223
393,9999,0.183041,-0.361765
394,-0.832613,2.188679,0.710252
395,-1.05066,0.959122,0.762785
396,-0.867427,2.063395,-1.219718
397,-1.092122,-0.134977,0.050796
398,-0.806755,-1.020447,1.36209
399,-0.928546,1.829474,-0.2087
400,-0.795961,-2.314569,2.192155
401,-1.087268,-0.423009,-0.025511
402,-0.823174,1.26021,-1.591222
403,-0.92162,0.254432,-1.353101
404,-0.860528,-1.343618,-0.530907
405,-0.943926,-1.660999,0.441201
406,-0.882611,-2.129592,0.698369
407,-0.974331,0.222163,1.593255
408,-0.953883,-0.477263,-0.896346
409,-0.837332,0.329162,-2.348832
410,-1.05323,-0.446159,0.122053
411,-1.089357,-0.693042,0.301364
412,-0.787887,-1.536099,1.735724
413,-0.985581,-1.350498,0.541385
414,-1.060985,-0.564133,-1.004814
415,-0.812842,-0.444194,-2.125989
416,-0.82285,-1.564703,2.155822
417,-0.78618,-2.834052,0.233276
418,-0.817868,-1.734623,0.605807
419,-0.889553,1.416123,0.264548
420,-1.044699,0.647042,0.938307
421,-0.974122,1.336077,0.808466
422,-0.983352,0.572356,0.108513
423,-0.977694,-0.187708,1.16494
424,-0.94902,-0.180331,-1.575581
425,-0.937922,0.803611,0.711519
426,-0.863649,-1.295388,-1.176322
427,-0.805533,-0.464505,2.59347
428,-0.943575,1.558606,-0.911239
429,-0.918818,-1.421685,-0.608602
430,-0.832737,1.338305,1.346563
431,-0.862942,0.730577,-1.619147
432,-0.899831,-1.944483,-0.848284
433,-0.846761,-1.560387,-1.22078
434,-0.922331,-1.938548,0.011655
435,-0.810116,0.604903,2.11702
436,-0.895516,2.123471,-0.304545
437,-0.863906,-2.20189,0.172738
438,-0.860864,-0.042729,1.410134
439,-1.04458,-0.857847,0.71797
440,-1.104286,0.224513,0.623811
441,-0.963952,1.219193,-0.632331
442,-1.009396,1.268042,0.616013
443,-0.922548,-0.542843,1.312741
444,-0.977175,-0.141333,-1.281257
445,-0.953855,-0.504458,-1.644887
446,-0.904378,0.110047,1.958038
447,-0.907047,1.197558,1.661587
448,-0.880271,1.718285,1.371037
449,-0.806364,-1.313681,1.670947
450,-1.08373,-0.234282,0.454236
451,-0.859517,-0.644153,2.38464
452,-0.842315,0.743413,1.677392
453,-0.821467,1.536377,-1.131663
454,-1.09732,-0.113122,0.928699
455,-0.912172,-0.617947,-1.589017
456,-1.09281,0.4569,0.205512
457,-0.839977,-2.419786,-0.410396
458,-0.800808,-2.665874,1.588141
459,-0.834324,-2.44373,-0.601648
460,-0.897215,0.891282,-0.650431
461,-0.849628,2.368049,-0.643476
462,-0.862664,-0.631481,0.258522
463,-1.124119,0.353656,0.092876
464,-0.875133,1.467902,0.188205
465,-0.933742,-0.672809,-1.676084
466,-1.024633,-0.496626,-0.315665
467,-0.785086,2.786439,-1.818778
468,-0.939024,1.14667,-0.17906
469,-0.941252,-0.753581,-0.421569
470,-0.908541,-1.378138,-1.519463
471,-0.902687,-1.436417,-1.525641
472,-1.053437,-1.203715,-0.01739
473,-0.85575,1.983089,-1.430048
474,-0.859918,1.746332,-1.74282
475,-1.029888,-1.049446,0.329424
476,-0.790978,2.551529,-1.964082
477,-0.925915,-1.349838,0.172983
478,-0.965143,-1.608776,-0.333616
479,-0.909619,-1.64802,-1.038541
480,-1.032288,0.733475,1.04414
481,-1.045182,1.200374,-0.311432
482,-0.894967,0.783149,1.033224
483,-0.946857,0.950597,1.2115
484,-1.000804,0.691994,0.379817
485,-0.825211,-2.333925,-0.420653
486,-0.916489,-0.521101,-0.738847
487,-0.90129,1.212591,-0.562022
488,-1.1173,-0.647758,-0.456193
489,-0.923874,0.72308,1.551718
490,-0.843093,-0.674449,0.543045
491,-1.061763,-0.753073,0.358264
492,-0.922562,1.065538,1.22825
493,-0.927908,-1.846066,0.521262
494,-0.832555,-0.486559,2.67444
495,-1.075397,-0.493709,0.977513
496,-0.909414,-1.435514,0.942158
497,-0.830579,-1.139406,2.472398
498,-0.910381,-1.719304,0.325931
499,-1.084485,-0.758656,0.659139
500,-0.837033,-1.957879,1.752359
501,-0.870323,-1.314676,0.321845
502,-0.940402,0.94008,1.567564
503,-1.047265,0.836017,0.6223
504,-0.91902,-1.105143,1.194804
505,-0.885312,-0.0941,-2.059829
506,-0.932354,0.219166,0.549536
507,-0.824159,2.51884,1.29449
508,-0.77545,-1.657834,2.434045
509,-1.050643,1.13505,0.21866
510,-0.822456,-0.362021,-1.301043
511,-0.929816,-0.350943,-1.866962
512,-0.874822,1.768153,-0.182548
513,-0.852841,0.07095,-2.495877
514,-0.985158,0.91341,-0.695069
515,-0.878211,-0.003014,-1.793611
516,-1.125861,-0.276834,-0.379715
517,-0.870546,-0.23296,2.243557
518,-0.806761,-1.647671,0.563257
519,-0.941305,-1.272463,0.992118
520,-0.968755,-0.343077,1.495277
521,-0.945989,0.691153,1.646413
522,-1.042842,-0.796055,0.981351
523,-1.059264,-0.18779,0.59435
524,-0.864446,-1.239441,0.199919
525,-0.771836,2.05706,2.652543
526,-0.97406,0.30598,1.560798
527,-0.837775,-1.757901,-0.937014
528,-0.829273,-1.366956,1.802295
529,-1.074562,0.721517,0.764299
530,-1.123469,0.371224,-0.554035
531,-1.110288,0.433022,-0.55215
532,-0.882986,0.925205,1.226285
533,-0.851495,-2.163577,1.050748
534,-0.921631,-0.349257,-1.589809
535,-0.881604,0.332904,-1.421359
536,-0.866364,-1.814585,-1.547836
537,-0.972718,-0.111793,-0.550673
538,-0.954997,-1.433902,0.045554
539,-0.836422,-1.157593,2.203691
540,-1.093072,0.039956,-0.469393
541,-1.065082,-0.339791,1.040358
542,-0.908186,0.302216,1.535855
543,-0.820111,-0.201317,-1.665936
544,-0.787813,1.503022,-2.121145
545,-0.912853,-1.076165,-1.334459
546,-0.845083,1.728489,0.104896
547,-0.86702,0.980736,0.396231
548,-0.908413,-0.135108,2.036512
549,-0.86419,0.602236,2.34605
550,-0.810628,-1.50239,0.879606
551,-0.840484,0.506844,2.424686
552,-0.981426,0.099386,-0.502027
553,-0.94875,1.179252,-1.318887
554,-0.880126,-2.268341,-0.259561
555,-1.04752,-0.29619,1.18912
556,-0.910908,1.077317,-1.72928
557,-1.039419,0.199322,0.849396
558,-0.796847,2.445632,-1.716016
559,-0.850023,-0.154177,-2.547126
560,-0.911062,-1.263089,1.061627
561,-1.054407,-0.960822,-0.692836
562,-0.804637,-2.59575,-1.402203
563,-1.066072,1.098725,-0.253009
564,-0.825198,0.109852,-1.182973
565,-0.780527,-2.56843,-2.632578
566,-0.792386,0.586914,-2.053453
567,-0.800293,1.797585,-2.686109
568,-0.842448,-0.438209,-0.244008
569,-0.925603,-0.280084,-0.598969
570,-1.059812,-1.137178,0.257557
571,-1.110143,-0.283355,-0.528226
572,-0.807559,-1.18688,-0.913398
573,-0.803843,2.805022,-0.724284
574,-0.825315,2.563469,-1.224122
575,-0.871547,0.557686,-2.248841
576,-0.860855,-0.175372,2.142614
577,-0.903028,-0.198327,1.02138
578,-1.087256,-1.026591,-0.015207
579,-0.929464,1.605574,-0.253095
580,-0.99923,-0.843033,1.049913
581,-0.856003,1.934322,-1.387986
582,-0.816072,-0.170895,-1.727983
583,-0.921232,1.900035,0.304333
584,-0.941994,-1.707714,-0.446192
585,-0.995199,-0.81941,0.679052
586,-0.959147,-0.114482,-0.783412
587,-1.028583,0.509905,-0.217104
588,-1.092135,-0.434918,-0.309462
589,-1.074445,-1.046944,0.051003
590,-0.892908,-1.489495,1.523862
591,-0.861263,-0.552603,1.229451
592,-0.96149,0.866045,0.832938
593,-0.828895,1.629995,0.345627
594,-0.922208,-0.718229,1.466032
595,-0.867279,1.511482,-1.537795
596,-0.843952,-2.09635,0.49486
597,-0.813655,1.965051,2.282453
598,-1.115761,0.336538,-0.004994
599,-0.820147,0.638321,-2.241458
600,-0.902958,-0.855902,1.905608
601,-0.827742,1.384805,-2.124309
602,-1.019395,-1.24862,-0.201803
603,-0.973676,-1.112591,0.890278
604,-0.93618,0.008213,-1.863331
605,-0.893373,0.525759,2.00034
606,-0.857514,1.966878,-1.52237
607,-0.879194,-2.138412,0.135585
608,-0.851881,1.102622,0.452115
609,-0.865159,1.17545,0.151651
610,-0.955895,1.636257,-0.531453
611,-0.85264,0.274444,2.158014
612,-0.837406,1.4692,-2.274369
613,-0.896359,0.647235,-0.872147
614,-1.052993,-0.342085,-0.796049
615,-0.912104,-1.703476,-0.951002
616,-1.105941,0.884882,0.292771
617,-1.009554,-1.094471,-0.782781
618,-1.078592,0.146258,-0.854198
619,-0.894102,0.99936,1.707118
620,-0.80143,-1.75801,0.552741
621,-0.846794,-0.444365,2.481915
622,-0.850729,-0.759515,0.590547
623,-0.889163,1.265871,-0.519655
624,-0.893203,0.600694,-0.519206
625,-1.002618,-0.215335,0.872063
626,-0.845576,-2.502301,-0.769056
627,-1.032828,-0.437379,0.937468
628,-0.871156,-0.691432,-1.056099
629,-0.846625,0.893886,1.463625
630,-0.931138,-1.801141,-0.265403
631,-0.957278,0.462564,0.364314
632,-0.945863,-1.027852,1.083087
633,-1.109897,-0.318069,0.577966
634,-1.100682,0.167925,-0.951522
635,-1.121073,0.727017,0.165601
636,-1.104409,-0.664381,0.660362
637,-1.105501,0.778398,0.007356
638,-0.9724,0.471127,0.849283
639,-0.875825,-0.407381,1.70142
640,-0.83002,-0.545776,-1.439128
641,-0.821376,1.601575,-1.909847
642,-1.116813,-0.135367,-0.422931
643,-0.875492,0.083727,1.833944
644,-0.987402,0.882742,-0.47303
645,-0.871414,-0.099952,1.529649
646,-0.820596,-1.586904,2.225816
647,-0.846675,2.479871,0.563322
648,9999,-0.236081,-0.01347
649,-0.936684,1.44738,-0.72479
650,-0.976538,-0.098968,1.583282
651,-0.90734,-1.935184,0.554051
652,-1.03363,-1.037887,-0.037198
653,-0.782515,2.175036,1.764941
654,-0.849709,1.353016,-1.448776
655,-0.845845,1.594712,-1.290466
656,-0.900361,-1.404629,0.880006
657,-0.845622,-1.629406,-1.043753
658,-0.849288,-0.126046,-0.48155
659,-0.933971,-0.354356,-0.331683
660,-0.868894,1.043457,-1.30082
661,-0.955281,0.432023,1.577471
662,-0.848223,0.552579,-1.918296
663,-0.946792,0.08269,0.126531
664,-0.873234,-0.752451,0.335738
665,-0.845697,0.427203,2.382127
666,-1.105089,0.649614,-0.518587
667,-1.019666,-0.558641,-1.215172
668,-0.912984,-0.516853,-1.815358
669,-1.042857,0.22055,0.045391
670,-0.915107,1.714355,0.905718
671,-0.807174,0.693089,-2.313855
672,-0.802728,2.519974,0.175924
673,-0.779272,-2.526045,0.449617
674,-0.941936,-0.376329,1.364364
675,-0.966852,-1.526369,-0.506061
676,-1.108177,-0.524092,-0.100301
677,-1.046126,-0.277351,-0.32935
678,9999,-0.126754,0.015281
679,-0.901739,-1.707081,0.842717
680,-0.897869,-1.92027,0.695663
681,-0.930355,0.193023,1.121645
682,-0.842098,-1.550299,1.327447
683,-0.887549,1.759264,-1.052335
684,-0.797088,2.078348,-2.575254
685,-0.877332,1.049559,-2.048458
686,-0.971902,-1.005159,-1.237326
687,-1.052583,-0.903194,0.666456
688,-0.970181,1.232072,-0.953033
689,-1.040243,1.158271,-0.527787
690,-0.923679,0.210982,1.695935
691,-0.881612,1.522787,1.109672
692,-0.812291,2.328418,0.676964
693,-0.790597,0.468161,2.302812
694,-1.10983,0.709479,-0.453268
695,-1.056471,0.803928,0.831324
696,-1.019515,1.242925,-0.601874
697,-1.119874,-0.006322,-0.150254
698,-0.834558,2.581798,-0.821014
699,-0.878319,-2.05458,0.911373
700,-0.79937,-0.706291,2.536098
701,-1.051552,0.795076,-0.482375
702,-1.030766,-0.789226,-0.978773
703,-1.003252,-1.368703,-0.253088
704,-0.921191,-0.883354,0.759008
705,-0.992162,0.704262,1.349095
706,-0.909176,-0.549792,-1.86885
707,-0.812919,-1.610927,-1.94523
708,-0.90716,-0.740418,1.071732
709,-0.971438,0.400785,1.36812
710,-0.824581,2.298798,1.672666
711,-1.030795,0.275878,0.762441
712,-0.837362,-2.409545,0.81049
713,-0.810889,-1.859851,-1.961011
714,-0.932456,1.162368,1.169011
715,-0.917005,-1.428422,-0.548485
716,-0.87791,1.070438,1.877382
717,-0.817217,-0.988335,-2.612771
718,-0.809615,0.346862,-2.189878
719,-0.81196,2.517432,1.716954
720,-0.936168,1.64412,0.627813
721,9999,0.396777,-0.148777
722,-0.935039,-1.592034,0.981941
723,-0.923909,-0.75904,-1.712153
724,-1.021792,-1.300437,-0.388311
725,-0.967194,-1.582869,-0.147618
726,-0.875989,-1.208048,0.613491
727,-0.915846,-1.680183,0.213119
728,-0.889988,1.088886,1.88884
729,-1.12679,-0.297242,0.674551
730,-0.863538,1.361362,0.573671
731,-1.011125,-0.887389,0.169412
732,-1.098782,0.317366,0.146725
733,-1.124842,0.397265,-0.395026
734,-0.853013,1.088103,0.926261
735,-0.842507,-0.69516,1.791564
736,-0.79546,1.651318,-1.249231
737,-0.916652,-1.753353,-0.702016
738,-0.765528,2.721247,-1.917927
739,-1.126741,0.596395,-0.134269
740,-0.78339,-2.047824,-2.737089
741,-1.126465,-0.010701,-0.71605
742,-0.858604,-0.430385,-1.922997
743,9999,-0.213619,-0.041742
744,-0.992243,-1.04731,-0.274019
745,-1.010255,-1.374775,0.374174
746,-0.81278,-1.050748,-2.854519
747,-0.934299,-1.606408,0.081099
748,-0.929957,-0.900672,-1.212566
749,-0.93689,-1.568357,0.997907
750,-1.049073,0.23112,1.196989
751,-0.922594,-1.852877,0.614401
752,-0.951854,1.094014,1.189106
753,-0.990294,0.262279,0.192491
754,-0.855809,1.713657,1.000805
755,-0.921639,1.16858,-1.415728
756,-0.847852,-2.049966,0.1042
757,-0.99718,-1.309885,-0.596397
758,-0.949608,-0.895069,-1.274477
759,-0.839506,-1.859115,-1.137646
760,-0.871103,0.789637,1.761055
761,-0.84931,1.069281,-2.307696
762,-0.876864,-1.961612,0.446751
763,-0.872516,1.274385,-1.051322
764,-1.113637,-0.442311,0.689861
765,-1.012073,0.764917,1.158878
766,-1.114692,-0.549083,-0.674959
767,-0.954768,1.611984,0.019507
768,-0.877893,-0.646909,1.903698
769,-0.925467,-0.842816,0.592841
770,-1.124358,0.427156,-0.657515
771,-0.835989,-0.446022,0.922781
772,-0.953566,1.564316,-0.588578
773,-0.943739,0.068539,1.515429
774,-0.934108,-1.137159,1.353401
775,-0.829948,1.95508,1.27649
776,-0.822516,-0.009926,-2.0501
777,-0.914532,-0.087968,-0.804955
778,-0.928745,-0.516565,0.158139
779,-0.977617,-1.473303,0.212181
780,-0.877596,-1.631636,-0.608399
781,-0.998057,-0.055567,1.226372
782,-0.949894,-0.362633,1.598897
783,-0.827276,-1.885079,0.465409
784,-0.836707,0.981889,0.479595
785,-0.891247,0.601212,-1.993295
786,-0.947602,-0.981229,0.871605
787,-0.894434,1.362781,1.400154
788,-1.117349,-0.18279,0.31005
789,-0.95265,0.026856,-1.757765
790,-1.069341,-0.553275,-0.78967
791,-0.829424,-0.677383,-2.658868
792,-0.893312,-1.425586,1.579324
793,-1.046066,0.692845,0.441729
794,-0.829712,0.676964,1.215948
795,-0.972202,0.21151,0.181203
796,-0.937153,-0.67502,-1.729657
797,-0.833561,-0.128382,-2.05016
798,-1.020249,1.17648,-0.714673
799,-0.915753,-0.443082,-1.829254
800,-1.047575,-0.708711,-0.992676
801,-1.086843,0.377801,-0.863037
802,-1.043435,0.68548,0.725487
803,-0.870057,-1.00713,-1.671546
804,-0.821839,-0.002668,1.121897
805,-0.908098,-0.642741,0.532731
806,-0.933364,-1.238202,-1.416103
807,-0.963316,-0.969827,-0.307254
808,-0.919594,-0.833863,-1.787467
809,9999,-0.040981,0.110418
810,-0.872242,-0.617012,1.777735
811,-0.917857,1.429398,0.125198
812,-0.955814,-0.584416,-1.636356
813,-1.116291,-0.141413,0.331696
814,-0.934467,-1.324552,1.106403
815,-1.018142,-0.457474,0.762488
816,-0.897354,-2.077395,-0.307913
817,-1.03426,-0.316162,0.603227
818,-0.946968,-0.942507,-1.477087
819,-1.06327,0.188961,0.182887
820,-0.92924,1.074829,1.21368
821,-0.79508,-2.699959,0.265803
822,-0.865729,0.472519,-0.750769
823,-0.786435,-2.128684,-1.932442
824,-0.813781,1.246448,0.823203
825,-1.117391,0.361269,-0.18031
826,-1.077285,0.643257,0.125466
827,-0.924417,-0.240252,-1.682469
828,-1.039063,-0.065335,0.777985
829,-0.832852,-2.672827,-0.490376
830,-0.912916,-1.735951,-0.014998
831,-1.006132,-0.357363,-1.000823
832,-1.006697,0.46142,1.366607
833,-0.848196,-1.645879,1.816315
834,-0.929088,1.026242,0.020686
835,-0.857911,-1.276127,-1.755231
836,-0.895412,0.63117,-1.33085
837,-0.938326,0.459833,0.899905
838,-1.05458,0.675238,0.656763
839,-0.781856,-2.383543,-1.943934
840,-1.101115,0.463833,0.282567
841,-0.965344,1.260868,0.678546
842,-1.122361,0.019033,-0.238624
843,-0.809658,-1.001081,-1.949186
844,-0.827343,0.1866,-2.818469
845,-1.013565,1.089889,-0.126355
846,-1.089295,0.48995,-0.181097
847,-1.057572,-0.306689,-0.325542
848,-1.108454,0.437607,0.241528
849,-0.858927,1.827893,1.674131
850,-0.985797,0.91883,-1.088096
851,-0.856188,-0.819028,0.678517
852,-0.96177,1.149123,-1.255784
853,-0.923898,-0.682857,1.095961
854,-0.941672,-0.472559,-0.458309
855,-0.844163,2.075686,-0.445464
856,-0.835432,2.339066,-1.238279
857,-0.83299,-2.546288,-1.074879
858,-0.822792,1.815308,1.287608
859,-1.081189,0.390099,0.454803
860,-0.851841,-1.377302,2.127147
861,-0.893877,1.689686,-0.105429
862,-0.942111,-0.64682,0.41696
863,-1.009469,0.214366,-0.254527
864,-1.007281,-1.360374,0.494509
865,-0.902641,1.497776,1.212598
866,-1.021269,-1.318547,-0.035808
867,9999,-0.254679,0.31335
868,-0.987045,1.405894,-0.017689
869,-0.927678,-0.460489,0.692035
870,-1.089459,-0.438442,-0.059341
871,-0.990796,1.444864,0.421352
872,-0.823547,-2.363933,0.492061
873,-0.909613,1.554605,-0.011669
874,-1.061079,-0.001336,-0.463137
875,-0.836058,2.126053,1.623225
876,-0.852631,1.543045,-1.206453
877,-1.074197,0.123099,0.488456
878,-0.979082,0.057972,-0.326687
879,-0.797622,1.777824,1.896405
880,-0.930306,-0.622962,-0.710134
881,-1.044976,0.040351,-0.969794
882,-0.794305,-1.966994,-1.993708
883,-1.039556,-0.66104,-0.229172
884,-1.118767,-0.798636,-0.059655
885,-1.058842,0.196513,-0.826628
886,-0.894307,0.848461,1.052467
887,-1.058711,-0.711424,0.748781
888,-1.088017,-0.323299,0.982506
889,-0.977061,-0.572096,0.955356
890,-0.972191,-0.966527,1.319973
891,-0.857736,-2.130249,1.016581
892,-1.016056,-0.863203,-1.052519
893,-0.894245,0.012476,2.047465
894,-0.92075,-1.694813,0.0788
895,-0.791745,-2.562557,-1.738946
896,-0.805239,1.724894,0.338835
897,-0.838566,-0.154831,2.037309
898,-0.854373,-2.177673,-1.232007
899,-1.049097,1.162035,0.150752
900,-1.108242,0.289908,0.061344
901,-1.095363,0.349307,-0.638652
902,-1.120273,-0.731105,0.13366
903,-1.052582,1.113118,0.467962
904,-0.806656,-1.926069,-1.254818
905,-0.805871,-1.929177,2.19933
906,-0.933234,-0.713512,1.284184
907,-1.080449,0.549423,0.532728
908,-0.945376,-1.456995,-0.848531
909,-0.812934,-2.326343,0.993476
910,-0.966951,1.575277,0.522886
911,-0.980241,-0.140062,-1.246513
912,-1.02645,0.792239,-0.72939
913,-0.859567,-1.074011,0.98207
914,-0.96696,1.224445,0.341275
915,-0.814783,-2.494165,-1.270932
916,-1.007211,1.030184,-1.011614
917,-0.928055,0.321612,-1.537532
918,-0.983032,-0.019322,0.424754
919,-0.940343,-1.099421,-0.067157
920,-0.835417,-0.820959,0.349108
921,-0.908259,-0.577664,-1.320137
922,-0.947718,1.360791,-0.954545
923,9999,0.000719,0.158103
924,-0.802109,-0.28853,-2.96046
925,-1.012067,-0.07382,0.032359
926,-1.108432,-0.118732,0.521884
927,-0.880535,0.611804,-1.586356
928,-0.996305,0.436271,0.875586
929,-0.981133,1.317408,-0.890659
930,-1.067719,0.615904,0.277452
931,-0.832353,1.105567,-2.50178
932,-0.91502,-1.67152,-0.478555
933,-0.877847,-1.456427,-1.767629
934,-0.941343,0.391257,-0.42758
935,-0.911071,-1.689702,-0.266657
936,-1.045118,1.246923,-0.125193
937,-0.978158,0.379716,0.058387
938,-0.989072,0.267521,1.449274
939,-0.910784,-0.820764,-0.761535
940,-0.823147,2.058779,-2.027118
941,-0.872772,0.461449,1.448642
942,-1.107598,-0.612846,-0.384748
943,-0.847744,0.061491,-1.731042
944,-1.113845,-0.748319,0.472637
945,-0.80852,-2.040838,-0.025212
946,-0.987934,0.02001,1.387875
947,-0.801901,2.329616,1.244511
948,-1.086779,0.391606,-0.867724
949,-0.905447,0.105051,1.913036
950,9999,-0.19478,0.4189
951,-0.871141,-1.684545,1.543876
952,-1.089611,-0.839773,-0.316648
953,-1.114847,-0.527528,-0.017283
954,-0.935691,1.617471,-0.587508
955,-0.842557,0.917153,2.341556
956,-0.88216,-0.991156,-1.883511
957,-1.053451,-0.339932,0.89679
958,-0.990849,0.728457,0.684895
959,-0.806828,1.793535,-0.799363
960,-0.775471,2.805779,0.927097
961,-1.083154,-0.360574,0.935727
962,-0.953894,1.438427,-0.998426
963,-0.972303,-0.451019,-1.111098
964,-0.924173,-0.476477,-0.887244
965,9999,0.166827,-0.011676
966,-0.929212,-1.169387,-1.411582
967,-0.935719,1.264973,-1.111095
968,-0.836114,2.441898,-0.863967
969,-1.120149,0.7842,0.042088
970,-0.817507,1.120887,-2.714078
971,-0.798964,2.248596,-1.285262
972,-1.086963,0.516148,-0.840777
973,-1.095408,0.288799,-0.151655
974,-0.902189,-0.681081,1.954012
975,-0.854564,0.076317,2.52247
976,-0.817324,-0.0581,2.492365
977,-0.883282,-0.616211,1.720131
978,-0.822826,-0.358983,-2.668819
979,-0.900051,-1.724072,0.794349
980,-0.84723,0.632672,-2.522987
981,-0.844517,-2.435519,0.953524
982,-0.937751,-1.295861,1.27492
983,-1.120666,-0.53706,0.634815
984,-0.94993,-1.50531,0.609933
985,-1.028986,1.005859,-0.862643
986,-0.991393,1.20732,0.35835
987,-0.825933,-1.158737,1.249675
988,-0.81673,-1.838163,1.09293
989,-1.025927,-0.337415,0.981529
990,-0.882188,1.628157,-0.46313
991,-0.867616,-0.039927,1.728894
992,-0.978272,0.101792,-1.507544
993,-1.008978,-0.321724,1.134652
994,-1.019798,0.85219,-1.028268
995,-0.814386,-1.915341,-0.455088
996,-0.926959,0.890398,-1.706713
997,-1.012167,0.752245,0.480445
998,-0.827596,-1.711034,-0.448143
999,-0.866741,2.128376,1.002278
