num,energy,dist,dist,dist
0,-75.700003,1,2.218272009,1.308785966
1,-75.632519,1,3.081224913,2.510211338
2,-75.701596,1,2.16204438,1.192040226
3,-75.728135,1,2.217311788,2.162864204
4,-75.94314,1,1.054896386,1.269345652
5,9999,1,0.108709986,0.898977119
6,-75.344786,1,4.078969456,3.470747156
7,-75.656123,1,2.760687221,2.147069615
8,-75.786404,1,1.525657038,0.827258967
9,-75.641855,1,2.996990817,2.696264074
10,-75.655043,1,2.694399929,1.822493615
11,-75.637668,1,2.795744364,1.80268981
12,-75.658882,1,2.488009265,1.488691406
13,-75.661677,1,2.44021651,1.440223808
14,-75.388225,1,4.07434643,3.456767397
15,-75.698863,1,2.377834811,1.96840402
16,-75.71997,1,0.802496638,0.605815858
17,-75.641545,1,3.009448561,2.771584861
18,-75.754529,1,2.007633804,1.81109566
19,-75.707578,1,2.203729233,1.437980018
20,-75.60889,1,3.464346253,2.709022141
21,-75.652385,1,2.873739815,2.632520185
22,-75.72256,1,1.973426135,0.980920337
23,-75.727609,1,1.551261322,0.59810341
24,-75.640953,1,3.027435092,2.881199965
25,-75.626582,1,2.987449471,2.001018327
26,-75.650438,1,2.906364118,2.743946498
27,-75.682374,1,0.80081145,0.557547289
28,-75.633887,1,2.816681694,1.817767798
29,-75.672888,1,2.678818672,2.696302927
30,-75.795464,1,1.843204591,2.077429942
31,-75.763002,1,1.710370476,0.886580603
32,-75.604518,1,3.609151165,3.060751563
33,9999,1,0.489203135,0.591759839
34,-75.655273,1,2.813634659,2.405932251
35,-75.752203,1,1.927884398,1.433995904
36,-75.655325,1,2.829113089,2.516706354
37,9999,1,1.066269556,0.30200458
38,-75.600785,1,3.685917263,3.042641955
39,-75.803102,1,0.837979887,0.724193545
40,-75.667981,1,2.488964566,1.529621067
41,9999,1,1.069617673,0.386465997
42,-75.822814,1,1.688186893,1.80670058
43,9999,1,0.839233948,0.199252654
44,-75.712254,1,2.185838399,1.497288719
45,-75.000851,1,3.28977557,2.51533801
46,-75.906218,1,1.323729717,1.579912771
47,-75.093964,1,3.496816027,2.872514634
48,-75.63369,1,3.123484136,2.933713202
49,-75.598637,1,3.747599558,3.118059404
50,-75.674756,1,2.478521102,1.612379872
51,-75.772986,1,1.199030258,0.607649209
52,-75.744665,1,2.113620658,2.120419365
53,9999,1,0.920093395,0.175857485
54,-75.715005,1,2.194045362,1.614083966
55,-75.862904,1,1.273274179,1.062699927
56,-75.661552,1,2.687955846,2.03302106
57,-75.662996,1,2.735326259,2.375989003
58,-75.719955,1,2.286956503,2.327742264
59,-75.619639,1,3.272785371,2.611160677
60,-75.723035,1,2.258837537,2.242859117
61,-75.798584,1,1.18606292,0.664256915
62,-75.651096,1,0.69554409,0.678291664
63,-75.846744,1,1.591197379,1.813817272
64,-75.660098,1,2.8112302,2.845277006
65,-75.646543,1,2.942618315,2.684829705
66,-75.70432,1,2.388255891,2.270898545
67,-75.904951,1,1.290204684,1.449326094
68,-75.770219,1,1.774634543,1.231275664
69,-75.625111,1,3.242905547,2.94939119
70,-75.136848,1,3.443893807,2.736289194
71,-75.757058,1,1.977248887,1.733171417
72,-75.686323,1,2.535514499,2.373349905
73,-75.791961,1,1.687629329,1.305869347
74,-75.757377,1,1.702486028,0.809224737
75,-75.730373,1,2.21004278,2.220057452
76,-75.02259,1,3.080481212,2.250542268
77,-75.634667,1,2.830686708,1.835531868
78,-75.609248,1,3.520055193,3.086706102
79,-75.642748,1,2.954951001,2.471928279
80,-75.639051,1,2.725122785,1.725260615
81,-75.715122,1,2.071404818,1.126745721
82,-75.103939,1,3.244337393,2.633362702
83,-75.744013,1,1.860867243,0.973790991
84,-74.89063,1,0.510257796,0.543498867
85,9999,1,0.559294638,0.496528441
86,-75.653132,1,2.755712462,1.98807474
87,-75.730947,1,1.9141218,0.927742564
88,-75.63625,1,3.094064045,2.97640997
89,-75.647798,1,2.90922903,2.533422103
90,-75.752989,1,2.059851164,2.064284094
91,-75.739663,1,1.649236721,0.668287184
92,-75.848329,1,1.529639018,1.554873475
93,-75.701049,1,2.430427403,2.460225876
94,-75.671892,1,2.640319267,2.273480995
95,-75.72583,1,2.062434701,1.340891083
96,-75.680862,1,2.390677764,1.472334938
97,-75.70776,1,2.258693004,1.689021636
98,9999,1,0.382986868,1.041453283
99,-75.69426,1,2.241178519,1.288320284
100,-75.66375,1,2.769405301,2.752101692
101,-75.647698,1,2.948615087,2.88603689
102,-75.654269,1,2.849442183,2.591917582
103,-75.756054,1,2.059601187,2.251077309
104,-75.249629,1,3.021744147,2.239799922
105,-75.694772,1,1.537413744,0.538805177
106,9999,1,0.634642367,0.426327262
107,-75.938725,1,1.100604026,1.307377995
108,-75.756648,1,1.767156359,0.926905387
109,9999,1,0.465370769,0.536833264
110,-75.229483,1,3.647982628,2.91133084
111,-75.690602,1,2.477697292,2.195536807
112,-75.589513,1,4.041858431,3.387592298
113,-75.639123,1,3.057186252,2.971226982
114,-75.648571,1,2.94530725,3.056775883
115,-75.866401,1,0.856918455,0.885659775
116,-75.639217,1,2.896673597,2.01990691
117,-75.890373,1,1.034977667,0.952694479
118,-75.829553,1,0.998861742,0.71722157
119,-75.629134,1,2.929016256,1.936920295
120,-75.657676,1,2.701454474,1.933831501
121,-75.651395,1,2.91031487,2.962503779
122,-75.758181,1,1.730301346,0.863963396
123,9999,1,0.994578457,0.258531056
124,-75.75578,1,1.913055773,1.451835524
125,-75.91636,1,1.22641451,1.388032619
126,-75.832645,1,1.574149445,1.497728439
127,-75.676876,1,0.667660096,0.826065375
128,-75.784505,1,1.678894981,1.164099805
129,-75.85375,1,1.487163849,1.480936972
130,-75.81352,1,1.462250816,0.98756339
131,-75.698441,1,2.23542153,1.332701548
132,-75.612393,1,3.440253442,2.924364503
133,-75.621602,1,3.29405838,2.943680453
134,-75.848713,1,1.549254253,1.636295432
135,-75.676607,1,2.646714535,2.764198225
136,-75.62678,1,3.003854198,2.02713888
137,-75.635622,1,2.983213449,2.199890107
138,-75.701873,1,1.229120172,0.507275464
139,-75.637703,1,3.02403586,2.544059135
140,-75.649014,1,2.861618566,2.314246922
141,-75.680486,1,2.602771502,2.566158898
142,-75.89511,1,1.132062846,1.065594805
143,-75.802337,1,1.806666779,2.024988111
144,-75.700729,1,2.198045302,1.263797907
145,9999,1,0.283300526,0.822258589
146,-75.656499,1,2.798073697,2.383037224
147,-75.817598,1,1.178480222,0.719801106
148,-75.624095,1,3.226600875,2.720518188
149,-75.698958,1,2.441180565,2.399755103
150,-75.815948,1,1.297187402,0.783189093
151,-75.701542,1,2.238291623,1.413014999
152,-75.741808,1,2.020148708,1.567911606
153,-75.10712,1,3.54408047,2.90103264
154,-75.680382,1,2.469070161,1.743711404
155,-75.722115,1,2.06886553,1.264428954
156,-75.693064,1,2.493096381,2.479605526
157,-75.901667,1,1.205559777,1.223355376
158,-75.716208,1,0.695121589,0.812336152
159,-75.124676,1,3.856276669,3.169869989
160,9999,1,1.156677354,0.188961637
161,-75.595002,1,3.856270542,3.227411733
162,-75.667068,1,2.514930997,1.572503074
163,-75.855215,1,1.497976297,1.53544879
164,-75.948912,1,1.060735734,1.320437161
165,-75.83815,1,1.461915533,1.242133256
166,-75.174491,1,3.345916425,2.92291716
167,-75.688602,1,2.221277163,1.224744151
168,-75.715609,1,2.235742704,1.821406446
169,-75.654655,1,2.601431472,1.61771991
170,-75.880043,1,1.429679386,1.627366937
171,-75.785883,1,1.502824537,0.795475699
172,-75.758641,1,1.983223886,1.797401731
173,-75.706301,1,2.230027579,1.515624294
174,-75.640618,1,2.930719122,2.210519525
175,-75.72853,1,0.937664079,0.543931913
176,-75.733287,1,1.933769454,1.006885446
177,-75.904403,1,1.309016216,1.502020457
178,-75.787153,1,1.359327538,0.696019652
179,-75.288872,1,3.046469712,2.200313093
180,-75.74984,1,1.791531771,0.882571293
181,-75.652686,1,2.653694283,1.68708131
182,-75.792456,1,1.843090268,1.937895182
183,-75.792832,1,1.794447824,1.692131494
184,9999,1,0.655308047,0.470017699
185,-75.705763,1,2.182420466,1.305216875
186,-75.749475,1,1.704283568,0.752042871
187,-75.64456,1,2.950554669,2.576597535
188,-75.700772,1,2.165854634,1.193056703
189,-75.807445,1,1.679217128,1.500801173
190,-75.664406,1,2.641853834,1.933356067
191,-75.703927,1,2.217643682,1.393832666
192,-75.29558,1,3.049323743,2.471774118
193,-75.684007,1,2.289165353,1.302056072
194,-75.135055,1,3.508684522,2.744895093
195,-75.703038,1,2.299745727,1.729700092
196,-75.647341,1,2.801731666,1.957362595
197,-75.607382,1,3.550866931,3.052739091
198,-75.659148,1,2.823753992,2.975036909
199,-75.769854,1,1.633079453,0.827288643
200,-75.307629,1,0.526566325,1.060158523
201,-75.708242,1,2.281076833,1.807728828
202,9999,1,0.863488797,0.136517039
203,-75.410883,1,3.254028675,3.009121901
204,-75.750317,1,2.084200427,2.144462502
205,-75.648678,1,2.900734119,2.539583122
206,-75.701659,1,0.782774696,0.600634851
207,-75.664618,1,2.761831957,2.77017107
208,-75.595462,1,3.843871577,3.225332029
209,-75.188811,1,3.950469026,3.257835404
210,-75.691808,1,2.395598407,1.804319187
211,-75.782915,1,1.718273723,1.263484305
212,-75.630685,1,2.909210275,1.918593867
213,-75.632264,1,3.144240446,2.953729166
214,-75.684316,1,2.576268411,2.710253296
215,9999,1,0.657071511,0.441865331
216,-75.751317,1,2.088039214,2.274582106
217,-75.707089,1,2.188782735,1.361395557
218,-75.706383,1,2.100394768,1.112378613
219,-75.675152,1,2.638187698,2.460154127
220,-75.616795,1,3.340983847,2.754933586
221,-75.110678,1,3.506515014,3.064230334
222,-75.078187,1,3.788261302,3.088449723
223,-74.97691,1,3.694795432,3.063714296
224,-75.613497,1,3.414838137,2.881374238
225,-75.687188,1,2.354615302,1.486683968
226,9999,1,1.319684603,0.440455959
227,-75.678129,1,2.464677249,1.652498092
228,9999,1,0.714036898,0.417466994
229,-75.808812,1,1.382441037,0.822090762
230,-75.120414,1,3.315671418,2.518687545
231,-75.635661,1,3.09653452,2.918260789
232,9999,1,0.821881163,0.178198334
233,-75.640328,1,3.037639437,2.911703857
234,-75.793383,1,1.844198008,1.979938457
235,-75.610625,1,3.463398175,2.873617741
236,-75.766151,1,1.829359805,1.348033121
237,-75.654902,1,2.705452526,1.855144568
238,-75.72862,1,2.203740583,2.086355329
239,-75.641225,1,3.028970635,2.94073343
240,-75.260532,1,3.388021013,3.012926216
241,-75.636267,1,3.093960392,2.977929971
242,9999,1,0.276456578,0.725009131
243,-75.807093,1,1.479049075,0.953410807
244,-75.722352,1,2.273888173,2.369925194
245,-75.742227,1,1.759764069,0.76364493
246,-75.645655,1,2.964172999,2.792957137
247,-75.801173,1,1.814833129,2.062433826
248,-75.634277,1,2.937322048,2.008062452
249,-75.741401,1,1.724149872,0.724734972
250,-75.636001,1,2.93403058,2.040196913
251,-75.649562,1,2.748557161,1.850590303
252,-75.627271,1,3.137541783,2.452688819
253,-75.696346,1,2.165007408,1.170467888
254,-75.634367,1,3.113628374,2.922979585
255,-75.663461,1,2.777618596,2.919021593
256,-75.629988,1,3.006257138,2.081546536
257,-75.638637,1,2.753146326,1.754837512
258,-75.829743,1,1.318813411,0.889865615
259,-75.796926,1,1.646577551,1.25272568
260,-75.658438,1,2.831544659,2.953775407
261,-75.76933,1,1.768528159,1.192622258
262,-75.63613,1,2.95842841,2.123885745
263,-75.358085,1,3.81774791,3.109209401
264,-75.649052,1,2.820519186,2.102564263
265,-75.408168,1,3.161781407,2.466465014
266,-75.610654,1,3.429427131,2.687118242
267,-75.599676,1,3.693336031,2.946956573
268,-75.704211,1,2.370086666,2.136872669
269,-75.262896,1,3.152586744,2.497573057
270,-75.421481,1,3.198376543,2.666863422
271,-75.66411,1,2.678626137,2.10267591
272,-75.822754,1,1.674856671,1.73514693
273,-75.681267,1,2.456902548,1.720068641
274,-75.656996,1,2.518946864,1.520522707
275,-75.138767,1,3.736894449,3.117872692
276,-75.50803,1,3.09492779,2.168740654
277,-75.671555,1,2.681119189,2.565905319
278,-75.673223,1,2.465801689,1.544750455
279,-75.673859,1,2.552120049,1.886746073
280,-75.646877,1,2.824745991,2.027603983
281,-75.718856,1,2.285599465,2.239376457
282,-75.764948,1,0.739339888,0.797754016
283,-75.738515,1,2.029920206,1.530799151
284,-75.641641,1,2.818033325,1.871506297
285,-75.782568,1,1.8708238,1.82667011
286,-75.697279,1,2.46560931,2.589528387
287,-75.795722,1,0.903359657,0.66153962
288,-75.64758,1,2.936144136,2.729421622
289,-75.720132,1,2.045536859,1.128902583
290,-75.618674,1,3.246393912,2.421422192
291,-75.662405,1,2.788099881,2.871103785
292,-75.648888,1,2.765145427,1.882653774
293,-75.203903,1,3.007977144,2.319578948
294,-75.705067,1,2.245699039,1.547845009
295,-75.876125,1,1.357907557,1.349025179
296,-75.634149,1,2.962443311,2.070788828
297,-74.879672,1,0.50293423,0.573772464
298,-75.681096,1,2.512327817,1.978193889
299,-75.712896,1,2.198638098,1.573084068
300,-75.105892,1,3.437945029,2.764117585
301,-75.6629,1,2.783310319,2.890202818
302,-75.739063,1,1.934654881,1.141563624
303,-75.658571,1,2.828507411,2.877460717
304,-75.704536,1,2.395287115,2.347184348
305,-75.500078,1,0.608616043,0.745109044
306,-75.811412,1,1.117061808,0.681396421
307,9999,1,0.497595125,0.890370096
308,-75.633261,1,3.096391424,2.665962462
309,-75.676526,1,2.407323482,1.454121847
310,-75.644546,1,2.982601407,2.85527602
311,-75.736278,1,1.922703959,1.026554681
312,-75.691941,1,2.480451554,2.283562549
313,-75.661088,1,2.789856171,2.674689787
314,-75.664304,1,2.739977078,2.497961647
315,-75.802903,1,1.305635967,0.728594042
316,-75.713637,1,2.17494313,1.489616602
317,-75.648984,1,0.689859258,0.69024039
318,-75.688726,1,2.333926792,1.451849259
319,-75.661474,1,2.797886923,2.875083517
320,-75.820597,1,0.710610731,1.07440384
321,-75.941148,1,1.092794695,1.312560188
322,-75.736774,1,1.438005574,0.587433428
323,-75.683353,1,1.513070476,0.519675154
324,-75.951841,1,0.850374579,1.294057543
325,-75.878941,1,1.115964303,0.956392349
326,-75.682074,1,2.584130302,2.504574498
327,-75.710463,1,2.253520617,1.747935688
328,-75.645337,1,2.923144767,2.450388812
329,-75.08671,1,3.198127883,2.923813256
330,-75.637123,1,3.033616643,2.561576845
331,-75.791798,1,0.851907419,0.686245036
332,-75.861669,1,1.332271374,1.16378392
333,-75.637795,1,3.066027236,2.880417854
334,-75.68791,1,2.392830494,1.658674101
335,-75.044133,1,3.431001907,2.728442429
336,-75.60839,1,3.534546934,3.074076776
337,9999,1,0.446489382,0.860314343
338,-75.804138,1,1.776639762,1.852419727
339,-75.468902,1,0.619914726,0.644493807
340,-75.644055,1,2.83310735,1.961608844
341,9999,1,1.315454191,0.40622128
342,-75.654773,1,2.86584731,2.81776557
343,-75.022403,1,3.105904361,2.592373797
344,-75.70239,1,2.141951319,1.160634074
345,-75.672493,1,2.495094841,1.613635109
346,-75.590628,1,4.010335194,3.409403814
347,-75.752592,1,1.579719322,0.678897001
348,-75.660863,1,2.781305361,2.569996014
349,9999,1,0.323906934,0.682424869
350,-75.634561,1,3.116687689,2.984900359
351,-75.094399,1,3.668001554,3.166063076
352,-75.219361,1,3.779760891,3.085651373
353,9999,1,0.392507769,0.735542214
354,-75.800586,1,1.423915503,0.812103047
355,-75.871153,1,0.998674288,0.856428826
356,-75.65951,1,2.726262674,2.133291862
357,-75.660189,1,2.78879782,2.578246939
358,-75.740674,1,1.709112641,0.709439229
359,-75.710077,1,2.150588368,1.287061897
360,-75.892765,1,1.336702427,1.45771032
361,-75.741574,1,1.771369784,0.772699754
362,9999,1,1.266436774,0.370389123
363,-75.710656,1,2.352467815,2.352485244
364,-75.631298,1,2.972047386,2.02964028
365,-75.672751,1,2.470761653,1.549835844
366,-75.794042,1,1.760234763,1.578832613
367,-75.842,1,0.967319564,0.755503236
368,-75.823182,1,1.414445253,0.989044677
369,-75.70345,1,2.384378547,2.19632854
370,-75.693828,1,2.368566667,1.746478187
371,-75.211978,1,3.054785555,2.096337947
372,-75.908595,1,1.138439381,1.158221146
373,-75.732021,1,2.206405615,2.296056562
374,-75.68714,1,2.517274114,2.283259724
375,-75.894226,1,1.392710133,1.705480435
376,-75.781633,1,1.876891531,1.835126104
377,-75.704046,1,2.321677919,1.866636644
378,-75.64879,1,2.848347423,2.228479984
379,-75.72065,1,2.226478143,1.933401904
380,-75.639169,1,2.810502354,1.831399324
381,-75.645165,1,2.75001301,1.784446008
382,-75.714238,1,2.061171034,1.092538343
383,9999,1,1.261430212,0.263681966
384,-75.678145,1,2.579552445,2.221009414
385,-75.686649,1,2.238269155,1.241832038
386,-75.712054,1,2.327943515,2.216067917
387,-75.82805,1,1.502786696,1.239249714
388,-75.92799,1,1.18325298,1.388591234
389,-75.882085,1,1.363195714,1.422337004
390,-75.506614,1,0.618773735,0.706435372
391,-75.639649,1,2.876942762,1.973894034
392,-75.674616,1,2.496126498,1.671150949
393,-75.294587,1,3.111413034,2.2406073
394,-75.961694,1,0.944764746,1.303997862
395,-75.654341,1,2.877169652,2.971978333
396,-75.134187,1,3.231296352,2.93933872
397,-75.49813,1,0.616709364,0.701886344
398,-75.815094,1,1.728097813,1.849135487
399,-75.814246,1,1.709094697,1.728416235
400,-75.655829,1,2.845467076,2.702635173
401,-75.687723,1,2.430826155,1.827445703
402,-75.289384,1,3.259266384,2.795845017
403,-75.60373,1,3.588932612,2.848981448
404,9999,1,0.85936145,0.35712477
405,-75.888122,1,1.321606706,1.368714829
406,9999,1,0.743529714,0.295966951
407,-75.600372,1,3.721596505,3.211950272
408,-75.6923,1,2.451742651,2.114435628
409,-75.764781,1,1.847703411,1.387805424
410,-75.876358,1,1.467193082,1.754621765
411,-75.759369,1,1.895176802,1.456794807
412,-75.722233,1,2.172132045,1.720735779
413,-75.680154,1,2.498874498,1.874166416
414,-75.709689,1,2.364000786,2.41288245
415,-75.898439,1,1.31561001,1.455457213
416,-75.644097,1,2.916593768,2.332333855
417,-75.510431,1,3.075878706,2.145058464
418,-75.62057,1,3.304962362,2.906709517
419,-75.688065,1,2.543507472,2.705301141
420,-75.284012,1,0.523966431,1.025691387
421,-75.855617,1,1.155801373,0.869657872
422,9999,1,0.641426336,0.365488365
423,-75.747282,1,2.068114462,1.919952454
424,-75.639773,1,2.966119293,2.343162321
425,-75.731903,1,2.207925242,2.307490384
426,-75.834545,1,1.592515849,1.588638011
427,-75.762602,1,1.986799929,1.921051784
428,-75.692937,1,2.501515256,2.623085697
429,-75.779691,1,0.791202158,0.729514122
430,-75.72763,1,2.016496706,1.188274784
431,-75.724466,1,2.041439624,1.210386607
432,-75.609334,1,3.440898724,2.636601606
433,-75.684705,1,2.4605908,1.860295967
434,-75.687748,1,2.458175906,1.963909057
435,-75.734543,1,2.097744707,1.718668338
436,-75.628448,1,3.120525542,2.443165499
437,-75.652511,1,2.54806792,1.54813634
438,-75.708879,1,2.098051232,1.123523463
439,-75.698787,1,2.28703609,1.53818662
440,-75.621247,1,3.24820876,2.604836684
441,-75.650626,1,2.918551643,2.94780659
442,-75.86709,1,1.265622647,1.080275282
443,-75.731713,1,1.991732924,1.19139164
444,-75.706645,1,2.382031203,2.366421909
445,-75.657995,1,2.787983422,2.411959693
446,9999,1,0.371989893,0.889211156
447,9999,1,0.253743934,0.784221897
448,-75.643147,1,2.922124451,2.306268697
449,-75.736566,1,1.931283978,1.064015885
450,9999,1,0.894162127,0.108415448
451,-75.669738,1,2.422931051,1.434148137
452,-75.651087,1,2.822094142,2.212123267
453,-75.928048,1,1.145490309,1.307397433
454,-75.624044,1,3.204902901,2.583575547
455,-75.644808,1,2.872026499,2.142738951
456,-75.634302,1,3.098361512,2.778044646
457,-75.667796,1,2.669208237,2.232581603
458,9999,1,0.857445031,0.405354143
459,-75.908647,1,1.324080028,1.619958617
460,-75.096668,1,3.078683676,2.269153846
461,-75.650016,1,2.920342802,2.855696076
462,-75.72004,1,2.081156593,1.260653308
463,-75.134083,1,3.11485243,2.188514031
464,-75.610345,1,3.418071092,2.610983721
465,-75.745965,1,1.875841189,1.072964196
466,-75.722186,1,2.085391987,1.339394542
467,-75.810189,1,1.371797515,0.819565996
468,-75.890051,1,1.407237027,1.699775882
469,-75.636964,1,3.028510187,2.517146788
470,-75.859121,1,1.401308839,1.297417613
471,-75.710257,1,2.320012476,2.081492227
472,-75.661573,1,2.777235778,2.595071977
473,-75.725916,1,2.164986264,1.790910808
474,-75.61921,1,3.215416649,2.336871034
475,-75.681093,1,2.605402744,2.755642114
476,-75.632335,1,2.952465381,2.006015909
477,-75.63628,1,2.985505705,2.242578051
478,-75.644724,1,2.937109492,2.497171634
479,-75.247138,1,3.151661914,2.352903062
480,-75.774171,1,1.800345542,1.390684749
481,-75.596534,1,3.823518351,3.272434045
482,-75.663639,1,2.535527923,1.575821007
483,-75.677442,1,2.625945853,2.531375836
484,-75.28878,1,3.309595757,2.831928331
485,-75.625996,1,3.203773299,2.745865138
486,-75.641073,1,3.026628958,2.888573498
487,-75.678602,1,2.539976244,2.018616685
488,-75.595999,1,3.838713854,3.281979289
489,-75.690158,1,2.51277217,2.443198719
490,-75.794782,1,1.453172624,0.80406012
491,-75.696042,1,2.294319514,1.488105518
492,-75.722322,1,2.136648803,1.567783183
493,-75.636616,1,2.807600549,1.813712448
494,-75.675358,1,2.640692669,2.498584754
495,-75.657592,1,2.756830182,2.201208908
496,-75.814826,1,1.59537959,1.338282495
497,-75.724422,1,1.981003969,1.012266133
498,-75.62078,1,3.292305316,2.837852761
499,-75.630116,1,2.994421564,2.056663925
500,-75.641105,1,2.922865543,2.198214498
501,-75.100906,1,0.536124428,0.594960001
502,-75.665109,1,2.694642821,2.241825581
503,-75.681603,1,2.425171622,1.599552874
504,-75.022461,1,3.517214979,3.033844295
505,-75.378949,1,0.60925399,0.573817414
506,-75.679011,1,2.616248873,2.57637384
507,-75.678886,1,2.568931141,2.193050206
508,-75.810096,1,1.563565293,1.191568054
509,-75.362598,1,3.052108181,2.345829139
510,-75.847502,1,1.455641561,1.32136231
511,-75.784159,1,1.802296826,1.566993251
512,-75.034765,1,3.865993162,3.273133533
513,-75.68513,1,2.437051273,1.764132905
514,-75.628207,1,3.102655597,2.355111835
515,-75.303061,1,3.033898195,2.338097572
516,-75.653646,1,2.881570869,2.877259577
517,-75.635263,1,3.033093075,2.425101152
518,-75.688196,1,2.388971587,1.650992806
519,-75.941065,1,1.098328391,1.321562429
520,-75.800414,1,1.377242868,0.766604147
521,-75.714095,1,2.241130553,1.800800421
522,-75.661206,1,2.800606449,2.872333978
523,-75.812267,1,1.597248666,1.311735988
524,9999,1,1.027935555,0.322368588
525,-75.82805,1,1.673250887,1.851091714
526,-75.742461,1,1.936321889,1.240604069
527,-75.91793,1,1.242174746,1.445768342
528,-75.709737,1,2.33296421,2.141071696
529,-75.642266,1,2.77057937,1.793041563
530,-75.714838,1,2.292916944,2.100931725
531,-75.651857,1,2.765617286,1.979714367
532,-75.682398,1,2.463152723,1.787983036
533,-75.896946,1,1.084224708,1.023236638
534,-75.632353,1,2.953443211,2.008355745
535,-75.701971,1,2.235561369,1.413539045
536,-75.748244,1,1.593418201,0.670022062
537,-75.615896,1,3.315742961,2.545491972
538,-75.797865,1,0.694873876,1.064753353
539,-75.938207,1,1.160747263,1.430452449
540,9999,1,1.0497171,0.337235807
541,-75.59562,1,3.830548021,3.169478528
542,9999,1,1.420767798,0.422112706
543,-75.692073,1,2.488645484,2.356308626
544,-75.694021,1,2.248619434,1.302392935
545,-75.633575,1,2.820532994,1.821542306
546,-75.333267,1,3.434079615,2.737092399
547,-75.714974,1,2.207678678,1.673871305
548,-75.727402,1,2.216175638,2.120558053
549,-75.660151,1,2.571501243,1.609194409
550,-75.617345,1,3.265268275,2.42345227
551,-75.724607,1,2.116207226,1.541388667
552,-75.697456,1,2.307903527,1.588784657
553,-75.749348,1,2.094603905,2.196659172
554,-75.719699,1,2.027593697,1.071860158
555,-75.645423,1,2.983831199,3.074091187
556,9999,1,0.769838591,0.234715693
557,-75.146074,1,3.379245759,2.696377551
558,9999,1,0.403124443,1.000768363
559,-75.662227,1,2.734366916,2.323760838
560,-75.802892,1,1.654398947,1.358212014
561,-75.673992,1,2.436536274,1.487298563
562,-75.900031,1,1.048406313,1.009013279
563,-75.673886,1,2.514047337,1.719140487
564,-75.129491,1,3.444031673,2.619956902
565,-75.286186,1,3.407206327,3.001555422
566,9999,1,0.406770763,0.868679719
567,-75.687288,1,2.492571969,2.132596778
568,-75.701302,1,2.31467868,1.743125753
569,-75.78025,1,1.344666005,0.66614763
570,-75.678846,1,2.483367747,1.754116121
571,-75.653545,1,2.880506105,2.839962574
572,9999,1,1.461604116,0.487836645
573,-75.676286,1,2.520163975,1.829073662
574,-75.761047,1,0.797310533,0.681841687
575,-75.800288,1,1.723360627,1.545854408
576,-75.731304,1,1.904564529,0.911298
577,-75.622997,1,3.237018649,2.687317573
578,-75.793984,1,1.679997926,1.311786199
579,-75.871846,1,1.254180783,1.095127132
580,-75.694765,1,2.486697737,2.678424469
581,9999,1,0.965588744,0.218026657
582,-75.131512,1,3.63704573,2.924472883
583,-75.652973,1,2.758586506,1.994038995
584,-75.70972,1,1.018931648,0.511321526
585,-75.604118,1,3.630016415,3.146539555
586,-75.617594,1,3.350344946,2.899869524
587,-75.640806,1,2.77044736,1.783441217
588,-75.124046,1,3.425402664,2.616174193
589,-75.730157,1,1.959579166,1.032864225
590,-75.057326,1,3.523624417,2.972016661
591,-75.687586,1,2.380255941,1.594589711
592,-75.505648,1,3.069187794,2.182087925
593,-75.884387,1,1.081661188,0.955035562
594,-75.645927,1,2.825612781,1.995736853
595,-75.628246,1,3.162230267,2.672245172
596,-75.644777,1,2.981827438,2.878600853
597,-75.64276,1,2.790151882,1.831269921
598,-75.6405,1,2.95624727,2.333665341
599,-75.69664,1,2.137946935,1.138199938
600,-75.644886,1,2.834812734,1.993282528
601,-75.615222,1,3.299079124,2.438603098
602,-75.650338,1,2.904655135,2.716091945
603,-75.725892,1,2.043505031,1.258367518
604,-75.772196,1,1.617334006,0.82673048
605,-75.768727,1,1.684373669,0.910177266
606,-75.693262,1,0.670353175,0.854609489
607,-75.725071,1,1.956761045,0.966247271
608,-75.63179,1,3.117818612,2.685084896
609,-75.796739,1,1.649239933,1.257995372
610,-75.633789,1,3.128108584,3.000053218
611,-75.780057,1,1.858074468,1.711542208
612,-75.632391,1,2.909345733,1.929874762
613,-75.111729,1,3.085374998,2.41853941
614,-75.640398,1,2.909946329,2.109104464
615,-75.645588,1,2.894164343,2.296243725
616,-75.230876,1,3.411196552,2.671911285
617,-75.89033,1,0.914855049,0.935921878
618,-75.650146,1,2.863198759,2.392794001
619,-75.743774,1,1.764591111,0.779669026
620,-75.626087,1,2.970664385,1.976321048
621,9999,1,1.011645325,0.321503131
622,-75.64163,1,3.021926297,2.913048669
623,-75.678041,1,2.628157199,2.625218136
624,-75.638624,1,2.942229731,2.165223727
625,9999,1,0.91579839,0.411284198
626,-75.710477,1,2.242188575,1.696551091
627,-75.674799,1,2.525393788,1.798513771
628,-75.676462,1,2.505592565,1.769445705
629,-75.82568,1,1.649049596,1.672449273
630,-75.100487,1,3.821664315,3.137901869
631,-75.670194,1,2.701102376,2.654614481
632,-75.749657,1,1.889864841,1.226894093
633,9999,1,0.487597369,0.651838319
634,-75.733556,1,2.192855643,2.246151346
635,-75.335412,1,0.582210869,0.628868425
636,-75.648167,1,2.808967182,2.014187337
637,9999,1,0.702407903,0.415859186
638,-75.768974,1,1.777134719,1.216267985
639,-75.633775,1,2.936317919,1.996279771
640,-75.640541,1,2.821039084,1.862660333
641,-75.774249,1,1.783376315,1.334070118
642,-75.686588,1,2.26584203,1.278704072
643,-75.211135,1,3.063813153,2.204556426
644,-75.744297,1,1.693366349,0.714614295
645,-75.245324,1,3.29742055,2.461797775
646,-75.641654,1,2.788423569,1.816704709
647,-75.780275,1,1.737890178,1.28409979
648,-75.705044,1,2.282644665,1.714342634
649,-75.680468,1,2.538048996,2.088472817
650,-75.736507,1,2.147510863,2.02702711
651,-75.673256,1,2.364654486,1.369034272
652,9999,1,0.443914969,0.556807417
653,-75.79353,1,1.829031825,1.878699927
654,9999,1,1.208215187,0.293482434
655,-75.647434,1,2.768012637,1.857026106
656,-75.838804,1,1.19366168,0.815962135
657,-75.684511,1,2.253841439,1.256784481
658,-75.713934,1,2.284389377,2.015129977
659,-75.633057,1,3.116206024,2.79405404
660,-75.664649,1,2.618068655,1.837919878
661,-75.700378,1,2.373242702,2.000567651
662,-75.630182,1,3.133975647,2.654007791
663,-75.487478,1,0.579661465,0.918462527
664,-75.737908,1,2.093967386,1.788612148
665,-75.324656,1,3.140738224,2.404117425
666,-75.748192,1,2.061580037,1.91160515
667,-75.689986,1,2.364538295,1.601936125
668,-75.287089,1,3.089275346,2.589219219
669,9999,1,0.109368968,0.981392669
670,-75.288875,1,3.731961824,3.10389772
671,-75.723779,1,1.16358977,0.527552037
672,-75.070913,1,0.524270786,0.63138408
673,-75.817545,1,1.652396921,1.555645713
674,-75.628942,1,3.120478477,2.476749467
675,-75.745465,1,1.998578519,1.563941207
676,-75.67788,1,2.630711875,2.643809178
677,-75.703197,1,2.410217508,2.403849504
678,-75.700118,1,2.224314339,1.329587259
679,-75.630507,1,2.885041733,1.888110114
680,-75.607797,1,3.514910411,2.873864506
681,-75.714416,1,2.056201762,1.083556961
682,-75.77946,1,1.681945227,1.088202989
683,-75.735353,1,1.60550766,0.635117977
684,-75.820681,1,1.675836396,1.699715749
685,9999,1,0.364630866,0.659861856
686,-75.763123,1,1.861928252,1.407654366
687,-75.793973,1,1.795847052,1.72044315
688,-75.721999,1,2.112447698,1.453734252
689,-75.951746,1,0.995915225,1.263505099
690,-75.852391,1,1.523970575,1.59140828
691,-75.656036,1,2.658874859,1.742984084
692,9999,1,1.061566799,0.068586219
693,9999,1,0.262639778,0.799493373
694,9999,1,0.798255454,0.22769227
695,9999,1,0.476683291,0.748262628
696,-74.999785,1,3.449756749,2.805274251
697,-75.871907,1,1.08305867,0.894859812
698,-75.717073,1,2.308175693,2.351119952
699,-75.814949,1,1.380491937,0.863381716
700,-75.802406,1,1.680699248,1.433568959
701,-75.708907,1,2.336511853,2.127729221
702,-75.608287,1,3.237693681,2.419013099
703,-75.803874,1,1.695136548,1.502355456
704,-75.265917,1,3.056621131,2.137805122
705,-75.66399,1,2.482150851,1.492902156
706,-75.217102,1,3.172972333,2.472272118
707,-75.738264,1,1.262528203,0.557246323
708,-75.684316,1,2.427555781,1.69316599
709,-75.652621,1,2.889369411,2.82287435
710,-75.764492,1,1.77551563,1.11844345
711,-75.957513,1,0.977399975,1.289519566
712,-75.913854,1,0.91673139,1.035389029
713,-75.733074,1,1.967423039,1.123361659
714,-75.653556,1,2.886503504,3.020048093
715,-75.743045,1,1.919109848,1.18127076
716,-75.647827,1,2.921720486,2.62858148
717,-75.944866,1,1.135160074,1.432770182
718,-75.798785,1,1.522468783,0.949249806
719,-75.643181,1,2.838689446,1.954477877
720,-75.650347,1,2.842685195,2.284045778
721,-75.745821,1,1.970074456,1.45911184
722,-75.665147,1,2.734659627,2.51871699
723,-75.724723,1,1.950385637,0.952125062
724,-75.661803,1,2.779769299,2.641634599
725,-75.143109,1,3.706247363,2.994000921
726,9999,1,0.66302114,0.339312589
727,-75.935948,1,1.086288403,1.263644133
728,-75.718775,1,2.267371078,2.1003813
729,-75.722113,1,2.071808126,1.277216861
730,-75.719243,1,2.036598885,1.08929198
731,-75.723271,1,1.982645412,1.004718283
732,-75.752619,1,2.080294159,2.271409207
733,-75.749747,1,1.92250563,1.360070549
734,-75.965739,1,1.042214499,1.441129786
735,-75.631207,1,3.074116629,2.382325555
736,-75.896803,1,0.774016927,1.159398208
737,-75.908703,1,1.243893422,1.36172789
738,-75.716978,1,2.312385313,2.405115763
739,-75.777919,1,1.7208324,1.187978177
740,-75.70171,1,2.255654963,1.490051446
741,-75.67683,1,2.640265144,2.647479184
742,-75.798595,1,1.421659975,0.796390033
743,-75.736639,1,2.156084159,2.088941574
744,-75.584134,1,3.78743588,3.099605547
745,-75.794339,1,1.849365323,2.088856169
746,-75.074132,1,3.555818907,2.783708335
747,-75.695789,1,2.143474501,1.143677811
748,-75.751421,1,1.208630843,0.570393299
749,-75.777262,1,1.703939756,1.120317229
750,-75.758501,1,1.758898291,0.936266628
751,-75.81728,1,1.736036709,1.998919072
752,-75.729822,1,1.517211499,0.593303238
753,-75.610419,1,3.416609727,2.609955561
754,-75.638413,1,2.912080537,2.044179311
755,-75.614945,1,3.315193695,2.483266647
756,-75.674441,1,2.399148418,1.422107285
757,-75.752385,1,1.306886367,0.588633991
758,-75.727502,1,2.163885363,1.830729326
759,-75.644546,1,2.815090474,1.920437548
760,-75.6459,1,2.94714356,2.663277147
761,-75.307438,1,3.139936777,2.256759394
762,-75.673149,1,2.604268823,2.123787207
763,-75.642748,1,2.989273563,2.717570686
764,-75.601488,1,3.67141037,3.048575422
765,-75.843913,1,1.43012018,1.221991706
766,-75.904254,1,0.844399438,1.044569965
767,-75.065805,1,3.437610099,2.634875555
768,-75.636089,1,3.086469039,2.871419358
769,-75.886635,1,0.959278587,0.914298314
770,9999,1,1.165712889,0.460015804
771,-75.673505,1,2.416497535,1.444785221
772,-75.762299,1,1.01356802,0.577409847
773,-75.719628,1,2.247409949,2.01237409
774,-75.672005,1,2.459160806,1.512439046
775,-75.795609,1,0.677891145,1.16912121
776,-75.648844,1,2.94148808,3.020101012
777,-75.66169,1,2.702283276,2.112415419
778,-75.723989,1,1.965553798,0.975575591
779,-75.71113,1,2.230349586,1.662585119
780,-75.60096,1,3.671552042,2.981748882
781,-75.638362,1,2.751861814,1.753020093
782,-75.671873,1,2.692263183,2.813521467
783,-75.698487,1,2.299092706,1.581982071
784,-75.199255,1,3.528671834,2.888134157
785,-75.702258,1,2.190381204,1.265450045
786,-75.618462,1,3.242336485,2.395233993
787,-75.806331,1,1.297276706,0.738004642
788,-75.645332,1,2.899782735,2.312306188
789,-75.323556,1,3.088305765,2.245744086
790,-75.104562,1,3.877170332,3.26421779
791,-75.026392,1,3.617306667,3.14806568
792,-75.637598,1,2.903292778,1.995800329
793,-75.679959,1,2.502511939,1.884358247
794,-75.693747,1,1.287950024,0.503574486
795,-75.947641,1,1.022925687,1.261641376
796,-75.587833,1,4.115967427,3.500986698
797,9999,1,1.103056446,0.103361128
798,-75.590779,1,4.008246629,3.426000735
799,-75.678521,1,2.579777761,2.241646114
800,-75.668294,1,2.463248599,1.486926919
801,-75.600831,1,3.670997291,2.963102278
802,-75.717873,1,2.098641417,1.276382308
803,-75.964087,1,0.919969123,1.320825949
804,-75.320705,1,4.092804826,3.431770876
805,-75.607045,1,3.547674789,2.98779089
806,-75.63677,1,2.953521382,2.130798573
807,-75.20181,1,3.503360445,2.830817622
808,-75.645746,1,2.843307932,2.058173947
809,-75.784323,1,1.174440192,0.626810789
810,-75.697462,1,2.29784691,1.544766785
811,-75.691527,1,2.41628418,1.894778414
812,-75.643853,1,2.97855135,2.734302131
813,-75.73082,1,1.993363885,1.174209342
814,-75.640483,1,2.724075234,1.725422812
815,-75.74114,1,2.1516102,2.33810574
816,-75.645742,1,2.976288111,2.967591434
817,-75.655025,1,2.823880934,2.45803123
818,-75.795786,1,1.737372591,1.524796879
819,-75.919521,1,0.897392947,1.068342689
820,-75.644157,1,2.968702706,2.680115997
821,-75.905499,1,1.039889688,1.030815484
822,9999,1,1.087349546,0.159921966
823,-75.370058,1,0.548990843,0.927015073
824,-75.732098,1,2.028765336,1.365768936
825,-75.755563,1,1.265990138,0.586609775
826,-75.601709,1,3.675516997,3.104821282
827,-75.673706,1,2.444446717,1.500961609
828,-75.651982,1,2.737808251,1.880009048
829,-75.669143,1,2.661480462,2.25714161
830,-75.742386,1,2.024504408,1.59888777
831,-75.71387,1,2.248992146,1.831163476
832,-75.627755,1,3.195329171,2.863514713
833,-75.672868,1,2.645098824,2.361322889
834,-75.738739,1,2.04029316,1.578434724
835,-75.675492,1,2.657251103,2.773023156
836,-75.789869,1,1.390102843,0.724338259
837,-75.710741,1,2.349304207,2.324770151
838,-75.84202,1,1.14112006,0.795764407
839,-75.599442,1,3.715545264,3.039034486
840,-75.70609,1,2.192243316,1.349357906
841,-75.88564,1,1.427693852,1.724665688
842,-75.693452,1,2.48448834,2.416122992
843,-75.709369,1,2.065088061,1.07006855
844,-75.765416,1,0.781981403,0.712779709
845,-75.637751,1,2.974413393,2.26854205
846,-75.697066,1,2.242869571,1.330659202
847,-75.825996,1,0.887381614,0.740244641
848,-75.778356,1,1.902925227,1.891632739
849,-75.606064,1,3.517278159,2.719770881
850,9999,1,0.410520754,0.65090805
851,-75.718451,1,2.181350216,1.656074505
852,-75.722313,1,2.240096212,2.06941901
853,-75.769875,1,1.906469654,1.708094418
854,-75.633635,1,2.915402676,1.952558005
855,-75.726439,1,2.172906509,1.843256547
856,-75.741146,1,1.962339579,1.317582871
857,-75.727188,1,2.240435831,2.343635363
858,-75.704572,1,2.39624985,2.359655345
859,-75.661254,1,2.632070685,1.783766265
860,-75.613435,1,3.35404068,2.548487175
861,-75.524845,1,3.577715732,2.806590789
862,-75.667877,1,2.494904701,1.540151119
863,-75.071301,1,3.958675074,3.374355397
864,-75.605987,1,3.567751177,2.984305692
865,-75.619664,1,3.317642371,2.897796559
866,-75.63664,1,2.819556114,1.829085203
867,-75.778622,1,1.516134253,0.760580746
868,-75.621061,1,3.252105734,2.611623959
869,-75.621209,1,3.249855737,2.610983399
870,-75.632847,1,2.911318563,1.937000717
871,-75.782154,1,1.769917412,1.420441356
872,-75.714255,1,2.175065654,1.50827272
873,-75.703395,1,2.402982909,2.34221879
874,9999,1,0.644404413,0.356237347
875,-75.685137,1,0.691340433,0.755253332
876,-75.747442,1,1.789432451,0.849077438
877,-75.648073,1,2.785084344,1.923259942
878,-75.702252,1,2.389095889,2.171302643
879,9999,1,1.186812017,0.423753188
880,-75.300336,1,3.42997309,3.027076048
881,-75.840279,1,1.614368664,1.795154083
882,-75.84886,1,1.569118285,1.731594696
883,-75.1066,1,3.460677308,2.903539466
884,-75.786346,1,1.81654244,1.660969125
885,-75.734686,1,1.937149251,1.04428024
886,-75.604498,1,3.618306087,3.119904956
887,-75.699833,1,2.24329609,1.388887809
888,-75.645655,1,2.954716017,2.703975729
889,-75.789351,1,1.866878612,2.010178537
890,-75.642695,1,2.795955677,1.841561877
891,-75.650378,1,2.784668809,2.001003343
892,-75.724956,1,2.194631492,1.906253757
893,-75.243847,1,3.350495208,2.64292303
894,-75.805747,1,1.302474595,0.738720564
895,-75.580422,1,3.808107666,3.241891731
896,-75.663791,1,2.766164834,2.709880789
897,-75.767864,1,1.724110726,1.007190049
898,-75.793098,1,1.449840757,0.789189598
899,-75.751284,1,2.070313603,2.072425732
900,-75.616389,1,3.340468341,2.713812952
901,-75.629086,1,3.076869529,2.276419579
902,-75.651911,1,2.788748689,2.084913248
903,-75.663052,1,2.519348034,1.54288059
904,-75.63845,1,3.041731773,2.73349889
905,-75.670635,1,2.531165172,1.688332056
906,-75.81895,1,1.69679516,1.765247805
907,-75.637347,1,2.950524512,2.142966844
908,-75.72448,1,2.247260761,2.221564522
909,-75.808224,1,1.726379837,1.690840425
910,-75.627111,1,2.91244869,1.912736619
911,-75.764774,1,1.611573739,0.76115039
912,-75.589403,1,4.05702281,3.459875154
913,-75.766524,1,1.753961663,1.082796156
914,-75.74596,1,2.083405848,1.964882166
915,-75.623171,1,2.997199376,1.998764643
916,-75.64747,1,2.92835691,2.650813874
917,-75.750091,1,1.781548659,0.864795713
918,-75.767994,1,1.789481768,1.241230437
919,-75.653627,1,2.870241655,2.722214385
920,9999,1,0.922093673,0.215700582
921,-75.827829,1,1.52508618,1.295394865
922,-75.737015,1,1.88426527,0.927139475
923,-75.601608,1,3.656531393,2.976215689
924,-75.655919,1,2.577153655,1.589506516
925,-75.670749,1,2.677859092,2.469750051
926,-75.684517,1,2.571813635,2.620524256
927,9999,1,0.123116277,0.971680821
928,-75.638443,1,2.937036155,2.135685224
929,9999,1,1.135023984,0.290839206
930,-75.909694,1,1.179114068,1.232963092
931,-75.806694,1,1.757609413,1.808473624
932,-75.723166,1,2.245183694,2.139119403
933,-75.301233,1,3.015172128,2.386205138
934,9999,1,0.337963753,0.690567519
935,-75.714316,1,2.161693913,1.450725533
936,-75.678717,1,2.625810475,2.699182589
937,-75.617948,1,3.300362641,2.623848617
938,-75.597861,1,3.746995363,3.010430244
939,-75.642081,1,2.982434836,2.605581615
940,-75.016988,1,3.652608133,3.031099169
941,-75.606722,1,3.573345857,3.120471217
942,-75.640383,1,2.959336651,2.34338674
943,-75.831228,1,1.667025637,1.908438229
944,-75.884484,1,1.288296613,1.257905467
945,-75.709781,1,2.168917159,1.352076789
946,-75.076083,1,3.26276674,2.667073453
947,-75.590343,1,4.023782522,3.438714845
948,-75.696698,1,2.387608325,1.939409579
949,-75.658046,1,2.729474578,2.079912372
950,-75.708355,1,2.166327111,1.30556239
951,-75.7193,1,2.298904166,2.503436111
952,-75.686371,1,2.553514653,2.571374941
953,-75.746039,1,1.515139113,0.63064295
954,-75.741331,1,1.772877017,0.772878333
955,-75.615876,1,3.279776542,2.403894791
956,-75.618774,1,3.275650289,2.559093749
957,-75.725396,1,2.15910264,1.749550288
958,-75.787544,1,1.72885701,1.369965898
959,-75.829461,1,1.6415635,1.707733212
960,-75.177,1,3.444264881,2.790124472
961,-75.101166,1,3.139461527,2.391485454
962,-75.655156,1,2.806007572,2.35042645
963,-75.74049,1,1.809718577,0.816800667
964,-75.80854,1,1.426207148,0.876144296
965,-75.726972,1,1.936816494,0.941287486
966,-75.673799,1,2.588582805,2.067978467
967,-75.179651,1,3.252723379,2.593746206
968,-75.771181,1,1.697390692,0.986181099
969,-75.650725,1,2.619092265,1.625177003
970,-75.665283,1,2.74241508,2.601233644
971,-75.756919,1,1.644918953,0.74275727
972,-75.621581,1,3.293903902,2.939974306
973,-75.086745,1,3.445740964,2.913871444
974,-75.652697,1,2.865617857,2.592154259
975,-75.793461,1,1.479622603,0.82539024
976,-75.719253,1,2.077430702,1.224903393
977,-75.653096,1,2.655226877,1.693820465
978,-75.891713,1,1.396524985,1.673967751
979,-75.850833,1,1.409022781,1.237863966
980,-75.344536,1,3.490122062,2.942773863
981,-75.781437,1,1.651522521,1.028618801
982,-75.758126,1,1.772368804,0.969541735
983,9999,1,0.149438092,0.862774445
984,-75.627131,1,3.19849563,2.820919761
985,-75.68953,1,2.529385178,2.614114263
986,-75.636529,1,2.993758163,2.295544367
987,-75.299538,1,3.128893041,2.197137606
988,-75.656737,1,2.781278922,2.293987454
989,-75.640343,1,3.04434404,3.008341508
990,-75.676155,1,2.558020396,2.009369639
991,-75.823306,1,1.013149049,0.700119272
992,-75.645532,1,2.709335929,1.72323625
993,-75.640088,1,3.026509097,2.770202757
994,-75.669002,1,2.636776004,2.108544923
995,-75.82868,1,1.400919952,1.014373064
996,-75.65437,1,2.819434165,2.385825017
997,-75.719909,1,1.999634834,1.012728725
998,-75.74518,1,2.126358467,2.322960682
999,-75.816166,1,1.722609163,1.843689867
